L4_SRC_PORT,L4_DST_PORT,PROTOCOL,L7_PROTO,IN_BYTES,IN_PKTS,OUT_BYTES,OUT_PKTS,TCP_FLAGS,CLIENT_TCP_FLAGS,SERVER_TCP_FLAGS,FLOW_DURATION_MILLISECONDS,DURATION_IN,DURATION_OUT,MIN_TTL,MAX_TTL,LONGEST_FLOW_PKT,SHORTEST_FLOW_PKT,MIN_IP_PKT_LEN,MAX_IP_PKT_LEN,SRC_TO_DST_SECOND_BYTES,DST_TO_SRC_SECOND_BYTES,RETRANSMITTED_IN_BYTES,RETRANSMITTED_IN_PKTS,RETRANSMITTED_OUT_BYTES,RETRANSMITTED_OUT_PKTS,SRC_TO_DST_AVG_THROUGHPUT,DST_TO_SRC_AVG_THROUGHPUT,NUM_PKTS_UP_TO_128_BYTES,NUM_PKTS_128_TO_256_BYTES,NUM_PKTS_256_TO_512_BYTES,NUM_PKTS_512_TO_1024_BYTES,NUM_PKTS_1024_TO_1514_BYTES,TCP_WIN_MAX_IN,TCP_WIN_MAX_OUT,ICMP_TYPE,ICMP_IPV4_TYPE,DNS_QUERY_ID,DNS_QUERY_TYPE,DNS_TTL_ANSWER,FTP_COMMAND_RET_CODE,Label,attack_cat
2819,47621,6,0.0,4880,28,3080,30,27,27,27,0,0,0,31,32,1072,52,52,1072,4880.0,3080.0,2020,6,1068,6,39040000,24640000,36,18,2,0,2,14480,14480,58368,228,0,0,0,0.0,0,Benign
49691,46339,6,0.0,4600,18,2456,18,27,27,27,0,0,0,31,32,1192,52,52,1192,4600.0,2456.0,2140,6,1068,6,36800000,19648000,14,18,2,0,2,14480,14480,23552,92,0,0,0,0.0,0,Benign
45402,111,17,0.0,568,4,304,4,0,0,0,0,0,0,31,32,142,76,76,142,568.0,304.0,0,0,0,0,4544000,2432000,4,4,0,0,0,0,0,0,0,0,0,0,0.0,0,Benign
10010,21,6,1.0,215,5,408,5,24,24,16,0,0,0,62,63,108,48,48,108,510.0,704.0,103,2,176,2,3264000,4496000,19,0,0,0,0,16383,16383,26368,103,0,0,0,227.0,1,Exploits
22919,6881,6,0.0,13454,234,548216,438,27,27,27,4294951,16,16,31,32,1500,52,52,1500,13454.0,548216.0,1679,20,272908,196,6328000,257984000,284,0,4,32,352,65160,34752,36608,143,0,0,0,0.0,0,Benign
31470,111,17,0.0,568,4,312,4,0,0,0,0,0,0,31,32,142,76,76,142,568.0,312.0,0,0,0,0,4544000,2496000,4,4,0,0,0,0,0,0,0,0,0,0,0.0,0,Benign
50378,5190,6,0.0,4804,32,2552,28,27,27,27,0,0,0,31,32,1264,52,52,1264,4804.0,2552.0,1982,8,804,5,38432000,20416000,54,0,4,0,2,13032,17376,48640,190,0,0,0,0.0,0,Benign
12493,25,6,3.0,37914,54,3276,40,27,27,27,0,0,0,31,32,1500,52,52,1500,37914.0,3276.0,18485,18,958,7,303312000,26208000,66,2,2,0,24,15928,31856,13568,53,0,0,0,0.0,0,Benign
51339,6881,6,0.0,1540,16,1644,18,27,27,27,0,0,0,31,32,329,52,52,329,1540.0,1644.0,506,3,506,3,12320000,13152000,30,0,4,0,0,10136,10136,64000,250,0,0,0,0.0,0,Benign
19118,21,6,1.0,701,13,1054,15,24,24,24,0,0,0,31,32,106,52,52,106,1148.0,1296.0,190,3,266,3,6480000,6864000,39,0,0,0,0,11584,11584,48640,190,0,0,0,125.0,0,Benign
49125,80,6,7.0,18890,354,1087890,746,27,27,27,4294951,16,16,31,32,1500,52,52,1500,18890.0,1087890.0,289,1,543733,369,8888000,511944000,360,0,20,0,720,65160,7240,8448,33,0,0,0,0.0,0,Benign
25750,51031,6,0.0,4550,78,69850,80,27,27,27,0,0,0,31,32,1352,52,52,1352,4550.0,69850.0,555,6,34505,32,36400000,558800000,104,0,0,6,48,52128,14480,11008,43,0,0,0,0.0,0,Benign
64310,52919,6,0.0,8928,14,320,6,27,27,19,0,0,0,31,32,1500,52,52,1500,8928.0,320.0,4252,3,0,0,71424000,2560000,14,0,0,0,6,5792,10136,39936,156,0,0,0,0.0,0,Benign
23187,21,6,1.0,1251,23,1750,25,24,24,24,0,0,0,31,32,106,52,52,106,1698.0,1992.0,309,5,516,6,8552000,9512000,59,0,0,0,0,15928,14480,13568,53,0,0,0,229.0,0,Benign
37782,53,17,0.0,146,2,178,2,0,0,0,0,0,0,31,31,89,73,73,89,146.0,178.0,0,0,0,0,1168000,1424000,4,0,0,0,0,0,0,0,0,13875,1,60,0.0,0,Benign
53128,32429,6,0.0,4712,28,3080,30,27,27,27,0,0,0,31,32,988,52,52,988,4712.0,3080.0,1936,6,1068,6,37696000,24640000,36,18,2,2,0,14480,14480,36864,144,0,0,0,0.0,0,Benign
10742,25,6,3.0,38022,54,3484,44,27,27,27,0,0,0,31,32,1500,52,52,1500,38022.0,3484.0,18539,18,958,7,304176000,27872000,68,4,2,0,24,15928,31856,27392,107,0,0,0,0.0,0,Benign
9154,5592,6,0.0,4186,71,62882,72,27,27,27,0,0,0,31,32,1352,52,52,1352,4186.0,62882.0,555,6,31021,28,33488000,503056000,97,0,0,0,46,52128,14480,11008,43,0,0,0,0.0,0,Benign
19972,59765,6,0.0,2958,48,32374,50,27,27,27,0,0,0,31,32,1352,52,52,1352,2958.0,32374.0,539,6,15767,17,23664000,258992000,74,0,2,0,22,30408,14480,6912,27,0,0,0,0.0,0,Benign
12937,21,6,1.0,2059,37,2816,39,24,24,24,0,0,0,31,32,106,52,52,106,2506.0,3058.0,505,8,887,10,11664000,13552000,87,0,0,0,0,21720,18824,63744,249,0,0,0,125.0,0,Benign
13005,9694,6,0.0,2334,36,16734,38,27,27,27,0,0,0,31,32,1352,52,52,1352,2334.0,16734.0,539,6,7947,11,18672000,133872000,62,0,0,2,10,21720,14480,6912,27,0,0,0,0.0,0,Benign
1218,80,6,7.0,1684,14,10168,18,27,27,27,0,0,0,31,32,1500,52,52,1500,1684.0,10168.0,578,2,4820,4,13472000,81344000,20,0,6,0,6,11584,8688,16896,66,0,0,0,0.0,0,Benign
53177,21,6,1.0,2383,43,3234,45,24,24,24,0,0,0,31,32,106,52,52,106,2830.0,3476.0,563,9,1068,12,12760000,14984000,99,0,0,0,0,24616,20272,13056,51,0,0,0,221.0,0,Benign
58031,42295,6,0.0,8928,14,320,6,27,27,19,0,0,0,31,32,1500,52,52,1500,8928.0,320.0,4252,3,0,0,71424000,2560000,14,0,0,0,6,5792,10136,39936,156,0,0,0,0.0,0,Benign
4044,21,6,1.0,1493,27,2054,29,24,24,24,0,0,0,31,32,106,52,52,106,1940.0,2296.0,378,6,610,7,9544000,10784000,67,0,0,0,0,17376,15928,31232,122,0,0,0,125.0,0,Benign
12157,9705,6,0.0,3806,64,55844,66,27,27,27,0,0,0,31,32,1352,52,52,1352,3806.0,55844.0,547,6,27502,25,30448000,446752000,88,2,0,0,40,41992,14480,8960,35,0,0,0,0.0,0,Benign
9591,49771,6,0.0,2646,42,23966,44,27,27,27,0,0,0,31,32,1352,52,52,1352,2646.0,23966.0,539,6,11563,14,21168000,191728000,68,0,2,0,16,26064,14480,6912,27,0,0,0,0.0,0,Benign
63957,514,17,17.0,482,2,0,0,0,0,0,0,0,0,254,254,241,241,0,241,482.0,0.0,0,0,0,0,3856000,0,0,2,0,0,0,0,0,0,0,0,0,0,0.0,1,Fuzzers
32072,51438,6,0.0,3598,60,48918,62,27,27,27,0,0,0,31,32,1352,52,52,1352,3598.0,48918.0,547,6,24039,23,28784000,391344000,86,0,0,4,32,39096,14480,8960,35,0,0,0,0.0,0,Benign
34047,53,17,0.0,146,2,178,2,0,0,0,0,0,0,31,31,89,73,73,89,146.0,178.0,0,0,0,0,1168000,1424000,4,0,0,0,0,0,0,0,0,8538,1,60,0.0,0,Benign
13373,111,17,0.0,568,4,320,4,0,0,0,0,0,0,31,32,142,80,80,142,568.0,320.0,0,0,0,0,4544000,2560000,4,4,0,0,0,0,0,0,0,0,0,0,0.0,0,Benign
43548,3652,6,0.0,2646,42,23604,44,27,27,27,0,0,0,31,32,1352,52,52,1352,2646.0,23604.0,539,6,11382,14,21168000,188832000,70,0,0,0,16,26064,14480,6912,27,0,0,0,0.0,0,Benign
50111,52481,6,0.0,2542,40,23432,42,27,27,27,0,0,0,31,32,1352,52,52,1352,2542.0,23432.0,539,6,11296,13,20336000,187456000,66,0,0,0,16,24616,14480,6912,27,0,0,0,0.0,0,Benign
3004,7053,6,0.0,2854,46,31354,48,27,27,27,0,0,0,31,32,1352,52,52,1352,2854.0,31354.0,539,6,15257,16,22832000,250832000,72,0,0,0,22,28960,14480,6912,27,0,0,0,0.0,0,Benign
41019,44986,6,0.0,2542,40,22592,42,27,27,27,0,0,0,31,32,1352,52,52,1352,2542.0,22592.0,539,6,10876,13,20336000,180736000,66,0,0,2,14,24616,14480,6912,27,0,0,0,0.0,0,Benign
34502,21,6,1.0,1493,27,2056,29,24,24,24,0,0,0,31,32,106,52,52,106,1940.0,2298.0,378,6,611,7,9544000,10784000,67,0,0,0,0,17376,15928,31232,122,0,0,0,125.0,0,Benign
57135,5190,6,0.0,1958,22,2308,24,27,27,27,0,0,0,31,32,485,52,52,485,1958.0,2308.0,663,5,786,5,15664000,18464000,42,0,4,0,0,13032,13032,38656,151,0,0,0,0.0,0,Benign
5776,22,6,92.0,5928,62,8010,58,27,27,27,0,0,0,31,32,900,52,52,900,5928.0,8010.0,2024,13,3325,16,47424000,64080000,108,2,4,6,0,28960,24616,59392,232,0,0,0,0.0,0,Benign
61587,21,6,1.0,1817,33,2512,35,24,24,24,0,0,0,31,32,106,52,52,106,2264.0,2754.0,436,7,793,9,10616000,12192000,79,0,0,0,0,20272,17376,46080,180,0,0,0,229.0,0,Benign
60137,1904,6,0.0,2750,44,26584,46,27,27,27,0,0,0,31,32,1352,52,52,1352,2750.0,26584.0,539,6,12872,15,22000000,212672000,70,2,0,0,18,27512,14480,6912,27,0,0,0,0.0,0,Benign
25285,62661,17,0.0,528,4,304,4,0,0,0,0,0,0,31,32,148,52,52,148,528.0,304.0,0,0,0,0,4224000,2432000,6,2,0,0,0,0,0,0,0,0,0,0,0.0,0,Benign
14980,13716,6,0.0,4248,28,3080,30,27,27,27,0,0,0,31,32,756,52,52,756,4248.0,3080.0,1704,6,1068,6,33984000,24640000,36,18,2,2,0,14480,14480,43008,168,0,0,0,0.0,0,Benign
50853,5190,6,0.0,1036,12,2262,12,27,27,27,0,0,0,31,32,829,52,52,829,1036.0,2262.0,358,3,971,3,8288000,18096000,20,2,0,2,0,10136,10136,26112,102,0,0,0,0.0,0,Benign
55915,110,6,0.0,952,20,6000,22,27,27,19,4294951,16,16,62,63,1500,40,40,1500,952.0,6000.0,300,6,2872,8,448000,2816000,38,0,0,0,4,16383,16383,11264,44,0,0,0,0.0,1,Exploits
34341,48171,6,0.0,2438,38,19408,40,27,27,27,0,0,0,31,32,1352,52,52,1352,2438.0,19408.0,539,6,9284,12,19504000,155264000,64,0,0,2,12,23168,14480,6912,27,0,0,0,0.0,0,Benign
17486,63543,6,0.0,2164,40,43870,42,27,27,27,0,0,0,31,32,1352,52,52,1352,2164.0,43870.0,90,1,21723,17,17312000,350960000,50,0,0,0,32,41992,14480,23040,90,0,0,0,0.0,0,Benign
52671,29859,6,0.0,5174,90,83812,92,27,27,27,0,0,0,31,32,1352,52,52,1352,5174.0,83812.0,555,6,41486,38,41392000,670496000,116,6,0,0,60,60816,14480,11008,43,0,0,0,0.0,0,Benign
61039,21,6,1.0,1251,23,1752,25,24,24,24,0,0,0,31,32,106,52,52,106,1698.0,1994.0,309,5,517,6,8552000,9520000,59,0,0,0,0,15928,14480,13568,53,0,0,0,229.0,0,Benign
37907,11278,6,0.0,4550,78,74188,80,27,27,27,0,0,0,31,32,1352,52,52,1352,4550.0,74188.0,555,6,36674,32,36400000,593504000,104,0,0,0,54,52128,14480,11008,43,0,0,0,0.0,0,Benign
24530,22,6,92.0,3728,32,5578,26,27,27,27,0,0,0,31,32,900,52,52,900,3728.0,5578.0,1340,6,2421,6,29824000,44624000,44,4,4,6,0,14480,14480,15360,60,0,0,0,0.0,0,Benign
60509,21,6,1.0,261,5,469,7,24,24,24,0,0,0,31,32,89,52,52,89,708.0,711.0,74,1,89,1,4656000,4584000,23,0,0,0,0,8688,8688,18944,74,0,0,0,230.0,0,Benign
15056,13806,6,0.0,4192,18,2456,18,27,27,27,0,0,0,31,32,988,52,52,988,4192.0,2456.0,1936,6,1068,6,33536000,19648000,14,18,2,2,0,14480,14480,36864,144,0,0,0,0.0,0,Benign
45462,6053,6,0.0,3752,18,2456,18,27,27,27,0,0,0,31,32,768,52,52,768,3752.0,2456.0,1716,6,1068,6,30016000,19648000,14,18,2,2,0,14480,14480,46080,180,0,0,0,0.0,0,Benign
21980,20078,6,0.0,3302,54,40828,54,27,27,27,0,0,0,31,32,1352,52,52,1352,3302.0,40828.0,555,6,20046,20,26416000,326624000,78,0,0,0,30,34752,14480,11008,43,0,0,0,0.0,0,Benign
16891,53,17,0.0,146,2,178,2,0,0,0,0,0,0,31,31,89,73,73,89,146.0,178.0,0,0,0,0,1168000,1424000,4,0,0,0,0,0,0,0,0,58462,1,60,0.0,0,Benign
1606,143,6,4.0,7818,122,15470,126,27,27,27,0,0,0,31,32,1500,52,52,1500,7818.0,15470.0,2241,29,6067,31,62544000,123760000,222,16,6,2,2,50680,47784,49408,193,0,0,0,0.0,0,Benign
11761,6881,6,0.0,5592,90,192828,164,27,27,27,0,0,0,31,32,1500,52,52,1500,5592.0,192828.0,920,9,95786,70,44736000,1542624000,116,0,4,10,124,65160,18824,38912,152,0,0,0,0.0,0,Benign
50061,22,6,92.0,9296,104,12402,116,27,27,27,0,0,0,31,32,900,52,52,900,9296.0,12402.0,3240,25,4741,30,74368000,99216000,210,0,4,6,0,49232,41992,43008,168,0,0,0,0.0,0,Benign
19868,53,17,0.0,146,2,178,2,0,0,0,0,0,0,31,31,89,73,73,89,146.0,178.0,0,0,0,0,1168000,1424000,4,0,0,0,0,0,0,0,0,59449,1,60,0.0,0,Benign
2543,21,6,1.0,2059,37,2816,39,24,24,24,0,0,0,31,32,106,52,52,106,2506.0,3058.0,505,8,887,10,11664000,13552000,87,0,0,0,0,21720,18824,63744,249,0,0,0,125.0,0,Benign
9868,21,6,1.0,1817,33,2512,35,24,24,24,0,0,0,31,32,106,52,52,106,2264.0,2754.0,436,7,793,9,10616000,12192000,79,0,0,0,0,20272,17376,46080,180,0,0,0,229.0,0,Benign
30529,21,6,1.0,1817,33,2509,35,24,24,24,0,0,0,31,32,106,52,52,106,2264.0,2751.0,436,7,792,9,10616000,12184000,79,0,0,0,0,20272,17376,46080,180,0,0,0,229.0,0,Benign
45919,6045,6,0.0,2558,40,23470,42,27,27,27,0,0,0,31,32,1358,52,52,1358,2558.0,23470.0,547,6,11315,13,20464000,187760000,66,0,0,0,16,24616,14480,8960,35,0,0,0,0.0,0,Benign
1050,80,6,7.0,1052,8,824,10,27,27,27,0,0,0,31,32,366,52,52,366,1052.0,824.0,366,1,200,1,8416000,6592000,14,2,2,0,0,7240,7240,28160,110,0,0,0,0.0,0,Benign
20348,13224,6,0.0,8928,14,320,6,27,27,19,0,0,0,31,32,1500,52,52,1500,8928.0,320.0,4252,3,0,0,71424000,2560000,14,0,0,0,6,5792,10136,39936,156,0,0,0,0.0,0,Benign
45262,22,6,92.0,3728,32,5474,24,27,27,27,0,0,0,31,32,900,52,52,900,3728.0,5474.0,1340,6,2421,6,29824000,43792000,42,4,4,6,0,14480,14480,15360,60,0,0,0,0.0,0,Benign
41170,143,6,4.0,7816,122,15606,126,27,27,27,0,0,0,31,32,1500,52,52,1500,7816.0,15606.0,2240,29,6135,31,62528000,124848000,222,16,6,2,2,50680,47784,49152,192,0,0,0,0.0,0,Benign
29940,6881,6,0.0,12934,224,548216,438,27,27,27,0,0,0,31,32,1500,52,52,1500,12934.0,548216.0,1679,20,272908,196,103472000,90760704,274,0,4,32,352,65160,34752,36608,143,0,0,0,0.0,0,Benign
30090,5190,6,0.0,2054,22,2478,24,27,27,27,0,0,0,31,32,433,52,52,433,2054.0,2478.0,711,5,871,5,16432000,19824000,38,4,4,0,0,13032,13032,50944,199,0,0,0,0.0,0,Benign
15528,21,6,1.0,481,9,749,11,24,24,24,0,0,0,31,32,93,52,52,93,928.0,991.0,132,2,172,2,5576000,5696000,31,0,0,0,0,10136,10136,33792,132,0,0,0,229.0,0,Benign
39493,39676,6,0.0,424,8,8824,12,27,19,27,4294951,16,16,31,32,1500,52,52,1500,424.0,8824.0,0,0,4252,3,192000,4152000,14,0,0,0,6,10136,5792,0,0,0,0,0,0.0,0,Benign
53212,22,6,92.0,9400,106,12298,114,27,27,27,0,0,0,31,32,900,52,52,900,9400.0,12298.0,3240,25,4741,30,75200000,98384000,210,0,4,6,0,49232,41992,43008,168,0,0,0,0.0,0,Benign
5077,21,6,1.0,261,5,469,7,24,24,24,0,0,0,31,32,89,52,52,89,708.0,711.0,74,1,89,1,4656000,4584000,23,0,0,0,0,8688,8688,18944,74,0,0,0,230.0,0,Benign
34596,80,6,7.0,1684,14,10168,18,27,27,27,0,0,0,31,32,1500,52,52,1500,1684.0,10168.0,578,2,4820,4,13472000,81344000,20,0,6,0,6,11584,8688,16896,66,0,0,0,0.0,0,Benign
22776,25,6,3.0,31470,44,2722,33,27,27,27,0,0,0,31,32,1500,52,52,1500,31470.0,2722.0,15315,14,759,5,251760000,21776000,53,2,2,0,20,15928,30408,54016,211,0,0,0,0.0,0,Benign
54679,143,6,4.0,7716,120,14968,124,27,27,27,0,0,0,31,32,1500,52,52,1500,7716.0,14968.0,2242,29,5816,30,61728000,119744000,220,16,4,2,2,50680,47784,49664,194,0,0,0,0.0,0,Benign
12913,38500,6,0.0,4014,68,58994,70,27,27,27,0,0,0,31,32,1352,52,52,1352,4014.0,58994.0,547,6,29077,27,32112000,471952000,94,0,0,4,40,44888,14480,8960,35,0,0,0,0.0,0,Benign
61553,5190,6,0.0,4908,34,2448,26,27,27,27,4294952,15,15,31,32,1264,52,52,1264,4908.0,2448.0,1982,8,804,5,2448000,1224000,54,0,4,0,2,13032,17376,48640,190,0,0,0,0.0,0,Benign
4248,47077,6,0.0,4456,18,2560,20,27,27,27,0,0,0,31,32,1120,52,52,1120,4456.0,2560.0,2068,6,1068,6,35648000,20480000,16,18,2,0,2,14480,14480,5120,20,0,0,0,0.0,0,Benign
11060,25,6,3.0,37318,52,3380,42,27,27,27,0,0,0,31,32,1500,52,52,1500,37318.0,3380.0,18187,17,958,7,298544000,27040000,66,2,2,0,24,15928,30408,2816,11,0,0,0,0.0,0,Benign
14919,53,17,0.0,130,2,162,2,0,0,0,0,0,0,31,31,81,65,65,81,130.0,162.0,0,0,0,0,1040000,1296000,4,0,0,0,0,0,0,0,0,40930,1,60,0.0,0,Benign
18154,15887,6,0.0,2334,36,16920,38,27,27,27,0,0,0,31,32,1352,52,52,1352,2334.0,16920.0,539,6,8040,11,18672000,135360000,62,0,0,2,10,21720,14480,6912,27,0,0,0,0.0,0,Benign
44386,6446,6,0.0,2646,42,24004,44,27,27,27,0,0,0,31,32,1352,52,52,1352,2646.0,24004.0,539,6,11582,14,21168000,192032000,68,0,2,0,16,26064,14480,6912,27,0,0,0,0.0,0,Benign
60133,21,6,1.0,2487,45,3500,50,25,25,25,0,0,0,31,32,106,52,52,106,2934.0,3742.0,563,9,1126,13,13736000,16336000,106,0,0,0,0,26064,20272,13056,51,0,0,0,0.0,0,Benign
1864,5190,6,0.0,13672,172,45624,192,27,27,27,0,0,0,31,32,1412,52,52,1412,13672.0,45624.0,4336,38,20832,58,109376000,364992000,252,54,44,2,12,65160,60816,61440,240,0,0,0,0.0,0,Benign
64750,6881,6,0.0,13142,228,548216,438,27,27,27,0,0,0,31,32,1500,52,52,1500,13142.0,548216.0,1679,20,272908,196,105136000,90760704,278,0,4,32,352,65160,34752,36608,143,0,0,0,0.0,0,Benign
59821,18810,6,0.0,558,10,336,8,19,19,19,0,0,0,254,255,103,40,40,103,558.0,336.0,103,1,0,0,4464000,2688000,18,0,0,0,0,16383,16383,26368,103,0,0,0,0.0,1,Shellcode
31980,54587,6,0.0,320,6,1948,8,27,19,27,0,0,0,31,32,814,52,52,814,320.0,1948.0,0,0,814,1,2560000,15584000,12,0,0,2,0,7240,5792,0,0,0,0,0,0.0,0,Benign
63395,19041,6,0.0,3718,62,45946,58,26,26,26,0,0,0,31,32,1352,52,52,1352,3718.0,45946.0,555,6,22657,23,29744000,367568000,84,0,4,0,32,40544,14480,11008,43,0,0,0,0.0,0,Benign
12700,40103,6,0.0,3926,66,55114,68,27,27,27,0,0,0,31,32,1352,52,52,1352,3926.0,55114.0,555,6,27137,26,31408000,440912000,92,0,0,6,36,43440,14480,11008,43,0,0,0,0.0,0,Benign
62503,39434,6,0.0,2230,34,13358,36,27,27,27,0,0,0,31,32,1352,52,52,1352,2230.0,13358.0,539,6,6259,10,17840000,106864000,60,0,2,0,8,20272,14480,6912,27,0,0,0,0.0,0,Benign
40486,5190,6,0.0,1036,12,2262,12,27,27,27,0,0,0,31,32,829,52,52,829,1036.0,2262.0,358,3,971,3,8288000,18096000,20,2,0,2,0,10136,10136,26112,102,0,0,0,0.0,0,Benign
18490,21,6,1.0,1817,33,2512,35,24,24,24,0,0,0,31,32,106,52,52,106,2264.0,2754.0,436,7,793,9,10616000,12192000,79,0,0,0,0,20272,17376,46080,180,0,0,0,229.0,0,Benign
50081,18204,6,0.0,8928,14,320,6,27,27,19,0,0,0,31,32,1500,52,52,1500,8928.0,320.0,4252,3,0,0,71424000,2560000,14,0,0,0,6,5792,10136,39936,156,0,0,0,0.0,0,Benign
34696,13261,6,0.0,3598,60,47402,62,27,27,27,0,0,0,31,32,1352,52,52,1352,3598.0,47402.0,547,6,23281,23,28784000,379216000,86,0,0,4,32,39096,14480,8960,35,0,0,0,0.0,0,Benign
26236,59458,6,0.0,3182,52,39694,54,27,27,27,0,0,0,31,32,1352,52,52,1352,3182.0,39694.0,547,6,19427,19,25456000,317552000,76,2,0,0,28,33304,14480,8960,35,0,0,0,0.0,0,Benign
22663,64923,6,0.0,4238,72,60964,74,27,27,27,0,0,0,31,32,1352,52,52,1352,4238.0,60964.0,555,6,30062,29,33904000,487712000,98,0,6,0,42,47784,14480,11008,43,0,0,0,0.0,0,Benign
58186,21,6,1.0,2059,37,2816,39,24,24,24,0,0,0,31,32,106,52,52,106,2506.0,3058.0,505,8,887,10,11664000,13552000,87,0,0,0,0,21720,18824,63744,249,0,0,0,125.0,0,Benign
41726,21,6,1.0,2383,43,3234,45,24,24,24,0,0,0,31,32,106,52,52,106,2830.0,3476.0,563,9,1068,12,12760000,14984000,99,0,0,0,0,24616,20272,13056,51,0,0,0,221.0,0,Benign
61942,3260,6,0.0,974,6,80,2,18,18,18,0,0,0,62,63,407,40,40,407,974.0,80.0,407,1,0,0,7792000,640000,6,0,2,0,0,36101,39291,38656,151,0,0,0,0.0,0,Benign
20302,21,6,1.0,701,13,1054,15,24,24,24,0,0,0,31,32,106,52,52,106,1148.0,1296.0,190,3,266,3,6480000,6864000,39,0,0,0,0,11584,11584,48640,190,0,0,0,125.0,0,Benign
3360,21,6,1.0,1817,33,2512,35,24,24,24,0,0,0,31,32,106,52,52,106,2264.0,2754.0,436,7,793,9,10616000,12192000,79,0,0,0,0,20272,17376,46080,180,0,0,0,229.0,0,Benign
17723,63619,6,0.0,3614,60,49342,62,27,27,27,0,0,0,31,32,1352,52,52,1352,3614.0,49342.0,555,6,24251,23,28912000,394736000,86,0,0,0,36,39096,14480,11008,43,0,0,0,0.0,0,Benign
46594,21,6,1.0,1251,23,1752,25,24,24,24,0,0,0,31,32,106,52,52,106,1698.0,1994.0,309,5,517,6,8552000,9520000,59,0,0,0,0,15928,14480,13568,53,0,0,0,229.0,0,Benign
11620,9584,6,0.0,2646,42,25460,42,27,27,27,0,0,0,31,32,1352,52,52,1352,2646.0,25460.0,539,6,12362,14,21168000,203680000,66,0,0,0,18,26064,14480,6912,27,0,0,0,0.0,0,Benign
6738,25,6,3.0,38120,54,3380,42,27,27,27,0,0,0,31,32,1500,52,52,1500,38120.0,3380.0,18588,18,958,7,304960000,27040000,66,4,2,0,24,15928,31856,39936,156,0,0,0,0.0,0,Benign
38251,80,6,7.0,1580,12,10168,18,27,27,27,0,0,0,31,32,1500,52,52,1500,1580.0,10168.0,578,2,4820,4,12640000,81344000,18,0,6,0,6,11584,8688,16896,66,0,0,0,0.0,0,Benign
60784,25,6,3.0,37144,52,3276,40,27,27,27,0,0,0,31,32,1500,52,52,1500,37144.0,3276.0,18100,17,958,7,297152000,26208000,64,2,2,0,24,15928,30408,46080,180,0,0,0,0.0,0,Benign
41169,17751,6,0.0,8928,14,320,6,27,27,19,0,0,0,31,32,1500,52,52,1500,8928.0,320.0,4252,3,0,0,71424000,2560000,14,0,0,0,6,5792,10136,39936,156,0,0,0,0.0,0,Benign
63015,80,6,7.0,1684,14,10168,18,27,27,27,0,0,0,31,32,1500,52,52,1500,1684.0,10168.0,578,2,4820,4,13472000,81344000,20,0,6,0,6,11584,8688,16896,66,0,0,0,0.0,0,Benign
2428,25888,6,0.0,2646,42,26176,44,27,27,27,0,0,0,31,32,1369,52,52,1369,2646.0,26176.0,539,6,12668,14,21168000,209408000,68,0,0,0,18,26064,14480,6912,27,0,0,0,0.0,0,Benign
46438,80,6,7.0,1044,8,824,10,27,27,27,0,0,0,31,32,362,52,52,362,1044.0,824.0,362,1,200,1,8352000,6592000,14,2,2,0,0,7240,7240,27136,106,0,0,0,0.0,0,Benign
9536,520,17,0.0,2024,2,0,0,0,0,0,0,0,0,254,254,1012,1012,0,1012,2024.0,0.0,0,0,0,0,16192000,0,0,0,0,2,0,0,0,0,0,0,0,0,0.0,1,Fuzzers
56662,21,6,1.0,1817,33,2511,35,24,24,24,0,0,0,31,32,106,52,52,106,2264.0,2753.0,436,7,793,9,10616000,12192000,79,0,0,0,0,20272,17376,46080,180,0,0,0,229.0,0,Benign
35577,38948,6,0.0,4014,68,57846,70,27,27,27,0,0,0,31,32,1352,52,52,1352,4014.0,57846.0,547,6,28503,27,32112000,462768000,94,0,4,0,40,44888,14480,8960,35,0,0,0,0.0,0,Benign
49364,1802,6,0.0,2958,48,32368,50,27,27,27,0,0,0,31,32,1352,52,52,1352,2958.0,32368.0,539,6,15764,17,23664000,258944000,74,0,2,0,22,30408,14480,6912,27,0,0,0,0.0,0,Benign
46393,143,6,4.0,7804,122,15288,126,27,27,27,0,0,0,31,32,1500,52,52,1500,7804.0,15288.0,2234,29,5976,31,62432000,122304000,222,16,6,2,2,50680,47784,47616,186,0,0,0,0.0,0,Benign
21963,80,6,7.0,834,10,1458,8,27,27,19,0,0,0,62,63,601,40,40,601,834.0,1458.0,241,1,601,1,6672000,11664000,14,2,0,2,0,16383,16383,61696,241,0,0,0,0.0,1,Exploits
13111,38811,6,0.0,2974,48,30814,50,27,27,27,0,0,0,31,32,1352,52,52,1352,2974.0,30814.0,547,6,14987,17,23792000,246512000,74,0,4,0,20,30408,14480,8960,35,0,0,0,0.0,0,Benign
50636,143,6,4.0,7806,122,15450,126,27,27,27,0,0,0,31,32,1500,52,52,1500,7806.0,15450.0,2235,29,6057,31,62448000,123600000,222,16,6,2,2,50680,47784,47872,187,0,0,0,0.0,0,Benign
62978,36515,6,0.0,2766,44,28906,46,27,27,27,0,0,0,31,32,1380,52,52,1380,2766.0,28906.0,547,6,14033,15,22128000,231248000,70,0,0,0,20,27512,14480,8960,35,0,0,0,0.0,0,Benign
33107,21,6,1.0,2059,37,2816,39,24,24,24,0,0,0,31,32,106,52,52,106,2506.0,3058.0,505,8,887,10,11664000,13552000,87,0,0,0,0,21720,18824,63744,249,0,0,0,125.0,0,Benign
19711,5190,6,0.0,1920,22,4312,24,27,27,27,0,0,0,31,32,1097,52,52,1097,1920.0,4312.0,644,5,1788,5,15360000,34496000,40,0,4,0,2,13032,13032,33792,132,0,0,0,0.0,0,Benign
5273,2745,6,0.0,2854,46,31458,48,27,27,27,0,0,0,31,32,1352,52,52,1352,2854.0,31458.0,539,6,15309,16,22832000,251664000,72,0,0,0,22,28960,14480,6912,27,0,0,0,0.0,0,Benign
5149,6881,6,0.0,1540,16,1644,18,27,27,27,0,0,0,31,32,329,52,52,329,1540.0,1644.0,506,3,506,3,12320000,13152000,30,0,4,0,0,10136,10136,64000,250,0,0,0,0.0,0,Benign
9176,6881,6,0.0,1540,16,1644,18,27,27,27,4294951,16,16,31,32,329,52,52,329,1540.0,1644.0,506,3,506,3,720000,768000,30,0,4,0,0,10136,10136,64000,250,0,0,0,0.0,0,Benign
43510,21,6,1.0,2383,43,3232,45,24,24,24,0,0,0,31,32,106,52,52,106,2830.0,3474.0,563,9,1067,12,12760000,14976000,99,0,0,0,0,24616,20272,13056,51,0,0,0,221.0,0,Benign
36860,42955,6,0.0,424,8,8824,12,27,19,27,0,0,0,31,32,1500,52,52,1500,424.0,8824.0,0,0,4252,3,3392000,70592000,14,0,0,0,6,10136,5792,0,0,0,0,0,0.0,0,Benign
46297,47241,6,0.0,5080,28,3080,30,27,27,27,0,0,0,31,32,1172,52,52,1172,5080.0,3080.0,2120,6,1068,6,40640000,24640000,36,18,2,0,2,14480,14480,18432,72,0,0,0,0.0,0,Benign
3067,22627,6,0.0,320,6,1964,8,27,19,27,0,0,0,31,32,822,52,52,822,320.0,1964.0,0,0,822,1,2560000,15712000,12,0,0,2,0,7240,5792,0,0,0,0,0,0.0,0,Benign
32964,143,6,4.0,7800,122,15090,126,27,27,27,4294951,16,16,31,32,1500,52,52,1500,7800.0,15090.0,2232,29,5877,31,3664000,7096000,222,18,4,2,2,50680,47784,47104,184,0,0,0,0.0,0,Benign
46322,21,6,1.0,1817,33,2512,35,24,24,24,0,0,0,31,32,106,52,52,106,2264.0,2754.0,436,7,793,9,10616000,12192000,79,0,0,0,0,20272,17376,46080,180,0,0,0,229.0,0,Benign
14015,53,17,0.0,130,2,162,2,0,0,0,0,0,0,31,31,81,65,65,81,130.0,162.0,0,0,0,0,1040000,1296000,4,0,0,0,0,0,0,0,0,37658,1,60,0.0,0,Benign
64005,111,6,0.0,552,10,336,8,19,19,19,0,0,0,254,255,100,40,40,100,552.0,336.0,100,1,0,0,4416000,2688000,18,0,0,0,0,16383,16383,25600,100,0,0,0,0.0,1,Reconnaissance
4684,46657,6,0.0,2438,38,19186,40,27,27,27,0,0,0,31,32,1352,52,52,1352,2438.0,19186.0,539,6,9173,12,19504000,153488000,64,0,0,2,12,23168,14480,6912,27,0,0,0,0.0,0,Benign
8995,53,17,0.0,130,2,0,0,0,0,0,0,0,0,31,31,65,65,0,65,130.0,0.0,0,0,0,0,1040000,0,2,0,0,0,0,0,0,0,0,34438,1,0,0.0,0,Benign
6366,57487,6,0.0,3390,56,44134,58,27,27,27,0,0,0,31,32,1352,52,52,1352,3390.0,44134.0,547,6,21647,21,27120000,353072000,82,0,0,0,32,36200,14480,8960,35,0,0,0,0.0,0,Benign
19237,12964,6,0.0,3390,56,41008,58,27,27,27,0,0,0,31,32,1352,52,52,1352,3390.0,41008.0,547,6,20084,21,27120000,328064000,82,0,4,0,28,36200,14480,8960,35,0,0,0,0.0,0,Benign
19266,21,6,1.0,9,1,193,3,24,24,16,0,0,0,31,32,89,52,52,89,456.0,435.0,0,0,0,0,3648000,3480000,15,0,0,0,0,0,7240,0,0,0,0,0,331.0,0,Benign
4016,21,6,1.0,701,13,1054,15,24,24,24,0,0,0,31,32,106,52,52,106,1148.0,1296.0,190,3,266,3,6480000,6864000,39,0,0,0,0,11584,11584,48640,190,0,0,0,125.0,0,Benign
11522,25,6,3.0,37868,54,3276,40,27,27,27,0,0,0,31,32,1500,52,52,1500,37868.0,3276.0,18462,18,958,7,302944000,26208000,66,2,2,0,24,15928,31856,7680,30,0,0,0,0.0,0,Benign
10983,40977,6,0.0,3406,56,35712,56,27,27,27,0,0,0,31,32,1352,52,52,1352,3406.0,35712.0,555,6,17436,20,27248000,285696000,80,8,0,0,24,34752,14480,11008,43,0,0,0,0.0,0,Benign
45767,111,17,0.0,568,4,320,4,0,0,0,0,0,0,31,32,142,80,80,142,568.0,320.0,0,0,0,0,4544000,2560000,4,4,0,0,0,0,0,0,0,0,0,0,0.0,0,Benign
21465,21,6,1.0,1251,23,1752,25,24,24,24,0,0,0,31,32,106,52,52,106,1698.0,1994.0,309,5,517,6,8552000,9520000,59,0,0,0,0,15928,14480,13568,53,0,0,0,229.0,0,Benign
1090,22,6,92.0,14512,100,17134,100,27,27,27,0,0,0,31,32,1028,52,52,1028,14512.0,17134.0,5744,21,7575,31,116096000,137072000,158,16,6,18,2,50680,36200,28672,112,0,0,0,0.0,0,Benign
10800,21,6,1.0,2383,43,3230,45,24,24,24,0,0,0,31,32,106,52,52,106,2830.0,3472.0,563,9,1066,12,12760000,14968000,99,0,0,0,0,24616,20272,13056,51,0,0,0,221.0,0,Benign
56388,25,6,3.0,37164,52,3276,40,27,27,27,0,0,0,31,32,1500,52,52,1500,37164.0,3276.0,18110,17,958,7,297312000,26208000,64,2,2,0,24,15928,30408,48640,190,0,0,0,0.0,0,Benign
64925,80,6,7.0,1684,14,10168,18,27,27,27,4294936,31,31,31,32,1500,52,52,1500,1684.0,10168.0,578,2,4820,4,416000,2536000,20,0,6,0,6,11584,8688,16896,66,0,0,0,0.0,0,Benign
53629,30035,6,0.0,2854,46,29218,48,27,27,27,0,0,0,31,32,1352,52,52,1352,2854.0,29218.0,539,6,14189,16,22832000,233744000,72,2,0,0,20,28960,14480,6912,27,0,0,0,0.0,0,Benign
13124,11001,6,0.0,2438,38,19242,40,27,27,27,0,0,0,31,32,1352,52,52,1352,2438.0,19242.0,539,6,9201,12,19504000,153936000,64,0,0,2,12,23168,14480,6912,27,0,0,0,0.0,0,Benign
3462,21,6,1.0,1493,27,2056,29,24,24,24,0,0,0,31,32,106,52,52,106,1940.0,2298.0,378,6,611,7,9544000,10784000,67,0,0,0,0,17376,15928,31232,122,0,0,0,125.0,0,Benign
61459,18712,17,0.0,520,4,304,4,0,0,0,0,0,0,31,32,144,52,52,144,520.0,304.0,0,0,0,0,4160000,2432000,6,2,0,0,0,0,0,0,0,0,0,0,0.0,0,Benign
12703,44685,6,0.0,8928,14,320,6,27,27,19,0,0,0,31,32,1500,52,52,1500,8928.0,320.0,4252,3,0,0,71424000,2560000,14,0,0,0,6,5792,10136,39936,156,0,0,0,0.0,0,Benign
58477,25,6,3.0,37146,52,3380,42,27,27,27,0,0,0,31,32,1500,52,52,1500,37146.0,3380.0,18101,17,958,7,297168000,27040000,66,2,2,0,24,15928,30408,46336,181,0,0,0,0.0,0,Benign
58251,61234,17,0.0,536,4,304,4,0,0,0,0,0,0,31,32,152,52,52,152,536.0,304.0,0,0,0,0,4288000,2432000,6,2,0,0,0,0,0,0,0,0,0,0,0.0,0,Benign
4224,143,6,4.0,7818,122,14598,126,27,27,27,0,0,0,31,32,1500,52,52,1500,7818.0,14598.0,2241,29,5631,31,62544000,116784000,222,20,4,0,2,50680,47784,49408,193,0,0,0,0.0,0,Benign
43611,53,17,0.0,146,2,178,2,0,0,0,0,0,0,31,31,89,73,73,89,146.0,178.0,0,0,0,0,1168000,1424000,4,0,0,0,0,0,0,0,0,4094,1,60,0.0,0,Benign
49849,5190,6,0.0,1920,22,4312,24,27,27,27,0,0,0,31,32,1097,52,52,1097,1920.0,4312.0,644,5,1788,5,15360000,34496000,40,0,4,0,2,13032,13032,33792,132,0,0,0,0.0,0,Benign
56579,21,6,1.0,2383,43,3500,50,25,25,25,0,0,0,31,32,106,52,52,106,2442.0,3500.0,563,9,1126,13,10256000,14400000,93,0,0,0,0,26064,20272,13056,51,0,0,0,0.0,0,Benign
20566,21,6,1.0,1817,33,2510,35,24,24,24,0,0,0,31,32,106,52,52,106,2264.0,2752.0,436,7,792,9,10616000,12184000,79,0,0,0,0,20272,17376,46080,180,0,0,0,229.0,0,Benign
45590,80,6,7.0,1580,12,10168,18,27,27,27,0,0,0,31,32,1500,52,52,1500,1580.0,10168.0,578,2,4820,4,12640000,81344000,18,0,6,0,6,11584,8688,16896,66,0,0,0,0.0,0,Benign
3681,47803,6,0.0,4862,84,82278,86,27,27,27,0,0,0,31,32,1352,52,52,1352,4862.0,82278.0,555,6,40719,35,38896000,658224000,110,0,0,0,60,56472,14480,11008,43,0,0,0,0.0,0,Benign
24023,21,6,1.0,1493,27,2054,29,24,24,24,0,0,0,31,32,106,52,52,106,1940.0,2296.0,378,6,610,7,9544000,10776000,67,0,0,0,0,17376,15928,31232,122,0,0,0,125.0,0,Benign
1461,54242,6,0.0,4776,28,3080,30,27,27,27,0,0,0,31,32,1020,52,52,1020,4776.0,3080.0,1968,6,1068,6,38208000,24640000,36,18,2,2,0,14480,14480,45056,176,0,0,0,0.0,0,Benign
20334,15844,6,0.0,2334,36,13968,36,27,27,27,0,0,0,31,32,1352,52,52,1352,2334.0,13968.0,539,6,6564,10,18672000,111744000,60,2,0,2,8,20272,13032,6912,27,0,0,0,0.0,0,Benign
40745,21,6,1.0,2059,37,2814,39,24,24,24,4294951,16,16,31,32,106,52,52,106,2506.0,3056.0,505,8,886,10,4200000,2968000,87,0,0,0,0,21720,18824,63744,249,0,0,0,125.0,0,Benign
6849,6881,6,0.0,13142,228,548216,438,27,27,27,0,0,0,31,32,1500,52,52,1500,13142.0,548216.0,1679,20,272908,196,105136000,90760704,278,0,4,32,352,65160,34752,36608,143,0,0,0,0.0,0,Benign
46445,53,17,0.0,146,2,178,2,0,0,0,0,0,0,31,31,89,73,73,89,146.0,178.0,0,0,0,0,1168000,1424000,4,0,0,0,0,0,0,0,0,4296,1,60,0.0,0,Benign
7220,5100,6,0.0,3806,64,50996,66,27,27,27,0,0,0,31,32,1352,52,52,1352,3806.0,50996.0,547,6,25078,25,30448000,407968000,94,0,0,0,36,41992,14480,8960,35,0,0,0,0.0,0,Benign
50264,29339,6,0.0,3926,66,54462,68,27,27,27,0,0,0,31,32,1352,52,52,1352,3926.0,54462.0,555,6,26811,26,31408000,435696000,92,0,0,6,36,43440,14480,11008,43,0,0,0,0.0,0,Benign
52312,61400,6,0.0,2974,48,32564,50,27,27,27,0,0,0,31,32,1352,52,52,1352,2974.0,32564.0,547,6,15862,17,23792000,260512000,74,0,0,4,20,30408,14480,8960,35,0,0,0,0.0,0,Benign
64040,15885,6,0.0,3390,56,40986,58,27,27,27,0,0,0,31,32,1352,52,52,1352,3390.0,40986.0,547,6,20073,21,27120000,327888000,82,0,4,0,28,36200,14480,8960,35,0,0,0,0.0,0,Benign
20374,64392,6,0.0,2334,36,16438,38,27,27,27,0,0,0,31,32,1352,52,52,1352,2334.0,16438.0,539,6,7799,11,18672000,131504000,62,0,0,2,10,21720,14480,6912,27,0,0,0,0.0,0,Benign
12704,514,17,17.0,220,2,0,0,0,0,0,0,0,0,254,254,110,110,0,110,220.0,0.0,0,0,0,0,1760000,0,2,0,0,0,0,0,0,0,0,0,0,0,0.0,1,Fuzzers
51936,21,6,1.0,2059,37,2814,39,24,24,24,0,0,0,31,32,106,52,52,106,2506.0,3056.0,505,8,886,10,11664000,13552000,87,0,0,0,0,21720,18824,63744,249,0,0,0,125.0,0,Benign
36014,21,6,1.0,1493,27,2056,29,24,24,24,0,0,0,31,32,106,52,52,106,1940.0,2298.0,378,6,611,7,9544000,10784000,67,0,0,0,0,17376,15928,31232,122,0,0,0,125.0,0,Benign
23069,21,6,1.0,701,13,1054,15,24,24,24,0,0,0,31,32,106,52,52,106,1148.0,1296.0,190,3,266,3,6480000,6864000,39,0,0,0,0,11584,11584,48640,190,0,0,0,125.0,0,Benign
55845,25,6,3.0,37308,52,3380,42,27,27,27,0,0,0,31,32,1500,52,52,1500,37308.0,3380.0,18182,17,958,7,298464000,27040000,66,2,2,0,24,15928,30408,1536,6,0,0,0,0.0,0,Benign
18967,64203,6,0.0,424,8,8824,12,27,19,27,0,0,0,31,32,1500,52,52,1500,424.0,8824.0,0,0,4252,3,3392000,70592000,14,0,0,0,6,10136,5792,0,0,0,0,0,0.0,0,Benign
2815,6881,6,0.0,20796,368,921668,722,27,27,27,4294952,15,15,31,32,1500,52,52,1500,20796.0,921668.0,2438,31,459062,327,10392000,460832000,440,0,4,54,592,65160,50680,34304,134,0,0,0,0.0,0,Benign
42420,1440,6,0.0,4118,70,60592,70,27,27,27,0,0,0,31,32,1352,52,52,1352,4118.0,60592.0,547,6,29876,27,32944000,484736000,96,0,0,0,44,44888,14480,8960,35,0,0,0,0.0,0,Benign
63433,5190,6,0.0,2128,26,4312,24,27,27,27,0,0,0,31,32,1097,52,52,1097,2128.0,4312.0,644,5,1788,5,17024000,34496000,44,0,4,0,2,13032,13032,33792,132,0,0,0,0.0,0,Benign
28951,21,6,1.0,1817,33,2512,35,24,24,24,0,0,0,31,32,106,52,52,106,2264.0,2754.0,436,7,793,9,10616000,12192000,79,0,0,0,0,20272,17376,46080,180,0,0,0,229.0,0,Benign
58754,21,6,1.0,566,10,654,9,24,24,24,0,0,0,31,32,106,52,52,106,566.0,654.0,127,2,170,2,3560000,4016000,19,0,0,0,0,21720,18824,32512,127,0,0,0,125.0,0,Benign
62918,24160,6,0.0,320,6,1930,8,27,19,27,0,0,0,31,32,805,52,52,805,320.0,1930.0,0,0,805,1,2560000,15440000,12,0,0,2,0,7240,5792,0,0,0,0,0,0.0,0,Benign
63170,25526,6,0.0,8928,14,320,6,27,27,19,0,0,0,31,32,1500,52,52,1500,8928.0,320.0,4252,3,0,0,71424000,2560000,14,0,0,0,6,5792,10136,39936,156,0,0,0,0.0,0,Benign
3671,22,6,92.0,3728,32,5474,24,27,27,27,0,0,0,31,32,900,52,52,900,3728.0,5474.0,1340,6,2421,6,29824000,43792000,42,4,4,6,0,14480,14480,15360,60,0,0,0,0.0,0,Benign
3942,21,6,1.0,9,1,193,3,24,24,16,0,0,0,31,32,89,52,52,89,456.0,435.0,0,0,0,0,3648000,3480000,15,0,0,0,0,0,7240,0,0,0,0,0,331.0,0,Benign
54857,25707,6,0.0,4976,28,3080,30,27,27,27,0,0,0,31,32,1120,52,52,1120,4976.0,3080.0,2068,6,1068,6,39808000,24640000,36,18,2,0,2,14480,14480,5120,20,0,0,0,0.0,0,Benign
6730,46216,6,0.0,4862,84,76316,86,27,27,27,0,0,0,31,32,1352,52,52,1352,4862.0,76316.0,555,6,37738,35,38896000,610528000,110,6,0,0,54,56472,14480,11008,43,0,0,0,0.0,0,Benign
62863,80,6,7.0,1580,12,10168,18,27,27,27,0,0,0,31,32,1500,52,52,1500,1580.0,10168.0,578,2,3320,3,12640000,81344000,18,0,6,0,6,10136,8688,16896,66,0,0,0,0.0,0,Benign
15310,25,6,3.0,37272,52,3380,42,27,27,27,4294951,16,16,31,32,1500,52,52,1500,37272.0,3380.0,18164,17,958,7,17536000,1584000,66,2,2,0,24,15928,30408,62464,244,0,0,0,0.0,0,Benign
5911,50431,6,0.0,3390,56,42312,58,27,27,27,0,0,0,31,32,1352,52,52,1352,3390.0,42312.0,547,6,20736,21,27120000,338496000,82,0,0,4,28,36200,14480,8960,35,0,0,0,0.0,0,Benign
46238,19734,6,0.0,528,12,0,0,2,2,0,4294936,31,0,254,255,44,44,0,44,528.0,0.0,0,0,0,0,128000,0,12,0,0,0,0,45896,0,0,0,0,0,0,0.0,0,Benign
55867,14524,17,0.0,512,4,304,4,0,0,0,0,0,0,31,32,140,52,52,140,512.0,304.0,0,0,0,0,4096000,2432000,6,2,0,0,0,0,0,0,0,0,0,0,0.0,0,Benign
43607,22,6,92.0,3728,32,5474,24,27,27,27,0,0,0,31,32,900,52,52,900,3728.0,5474.0,1340,6,2421,6,29824000,43792000,42,4,4,6,0,14480,14480,15360,60,0,0,0,0.0,0,Benign
46907,41939,6,0.0,320,6,1924,8,27,19,27,0,0,0,31,32,802,52,52,802,320.0,1924.0,0,0,802,1,2560000,15392000,12,0,0,2,0,7240,5792,0,0,0,0,0,0.0,0,Benign
39110,51001,17,0.0,536,4,304,4,0,0,0,0,0,0,31,32,152,52,52,152,536.0,304.0,0,0,0,0,4288000,2432000,6,2,0,0,0,0,0,0,0,0,0,0,0.0,0,Benign
32349,80,6,7.0,1710,22,115678,92,27,27,19,0,0,0,62,63,1500,40,40,1500,1710.0,115678.0,439,1,57711,43,13680000,925424000,30,0,8,0,76,16383,16383,46848,183,0,0,0,0.0,1,Generic
38325,80,6,7.0,1580,12,10168,18,27,27,27,0,0,0,31,32,1500,52,52,1500,1580.0,10168.0,578,2,4820,4,12640000,81344000,18,0,6,0,6,11584,8688,16896,66,0,0,0,0.0,0,Benign
53534,25,6,3.0,37222,52,3380,42,27,27,27,0,0,0,31,32,1500,52,52,1500,37222.0,3380.0,18139,17,958,7,297776000,27040000,66,2,2,0,24,15928,30408,56064,219,0,0,0,0.0,0,Benign
25263,23828,6,0.0,4448,18,2456,18,27,27,27,0,0,0,31,32,1116,52,52,1116,4448.0,2456.0,2064,6,1068,6,35584000,19648000,14,18,2,0,2,14480,14480,4096,16,0,0,0,0.0,0,Benign
10851,21,6,1.0,2383,43,3234,45,24,24,24,0,0,0,31,32,106,52,52,106,2830.0,3476.0,563,9,1068,12,12760000,14984000,99,0,0,0,0,24616,20272,13056,51,0,0,0,221.0,0,Benign
50050,21,6,1.0,1817,33,2512,35,24,24,24,0,0,0,31,32,106,52,52,106,2264.0,2754.0,436,7,793,9,10616000,12192000,79,0,0,0,0,20272,17376,46080,180,0,0,0,229.0,0,Benign
17621,16310,6,0.0,3992,18,2560,20,27,27,27,0,0,0,31,32,888,52,52,888,3992.0,2560.0,1836,6,1068,6,31936000,20480000,16,18,2,2,0,14480,14480,11264,44,0,0,0,0.0,0,Benign
50505,5190,6,0.0,1958,22,2412,26,27,27,27,0,0,0,31,32,485,52,52,485,1958.0,2412.0,663,5,786,5,15664000,19296000,44,0,4,0,0,13032,13032,38656,151,0,0,0,0.0,0,Benign
1824,9982,17,0.0,528,4,304,4,0,0,0,0,0,0,31,32,148,52,52,148,528.0,304.0,0,0,0,0,4224000,2432000,6,2,0,0,0,0,0,0,0,0,0,0,0.0,0,Benign
28371,25,6,3.0,37316,52,3172,38,27,27,27,0,0,0,31,32,1500,52,52,1500,37316.0,3172.0,18186,17,958,7,298528000,25376000,62,2,2,0,24,15928,30408,2560,10,0,0,0,0.0,0,Benign
8704,46753,17,0.0,520,4,304,4,0,0,0,0,0,0,31,32,144,52,52,144,520.0,304.0,0,0,0,0,4160000,2432000,6,2,0,0,0,0,0,0,0,0,0,0,0.0,0,Benign
5101,21,6,1.0,701,13,1054,15,24,24,24,0,0,0,31,32,106,52,52,106,1148.0,1296.0,190,3,266,3,6480000,6864000,39,0,0,0,0,11584,11584,48640,190,0,0,0,125.0,0,Benign
62039,25,6,3.0,37552,52,3380,42,27,27,27,0,0,0,31,32,1500,52,52,1500,37552.0,3380.0,18304,17,958,7,300416000,27040000,66,2,2,0,24,15928,30408,32768,128,0,0,0,0.0,0,Benign
16599,80,6,7.0,1684,14,10168,18,27,27,27,4294951,16,16,31,32,1500,52,52,1500,1684.0,10168.0,578,2,4820,4,792000,4784000,20,0,6,0,6,10136,8688,16896,66,0,0,0,0.0,0,Benign
3309,47362,6,0.0,3614,60,49036,62,27,27,27,0,0,0,31,32,1352,52,52,1352,3614.0,49036.0,555,6,24098,23,28912000,392288000,86,0,0,0,36,39096,14480,11008,43,0,0,0,0.0,0,Benign
33738,56445,17,0.0,536,4,304,4,0,0,0,0,0,0,31,32,152,52,52,152,536.0,304.0,0,0,0,0,4288000,2432000,6,2,0,0,0,0,0,0,0,0,0,0,0.0,0,Benign
34645,12705,6,0.0,320,6,1952,8,27,19,27,0,0,0,31,32,816,52,52,816,320.0,1952.0,0,0,816,1,2560000,15616000,12,0,0,2,0,7240,5792,0,0,0,0,0,0.0,0,Benign
48956,21,6,1.0,701,13,1054,15,24,24,24,0,0,0,31,32,106,52,52,106,1148.0,1296.0,190,3,266,3,6480000,6864000,39,0,0,0,0,11584,11584,48640,190,0,0,0,125.0,0,Benign
1834,18996,6,0.0,4776,28,3080,30,27,27,27,0,0,0,31,32,1020,52,52,1020,4776.0,3080.0,1968,6,1068,6,38208000,24640000,36,18,2,2,0,14480,14480,45056,176,0,0,0,0.0,0,Benign
33595,21,6,1.0,2059,37,2816,39,24,24,24,4294951,16,16,31,32,106,52,52,106,2506.0,3058.0,505,8,887,10,2560000,2976000,87,0,0,0,0,21720,18824,63744,249,0,0,0,125.0,0,Benign
17454,6881,6,0.0,6008,98,201712,170,27,27,27,0,0,0,31,32,1500,52,52,1500,6008.0,201712.0,920,9,100228,73,48064000,1613696000,124,0,4,10,130,65160,18824,38912,152,0,0,0,0.0,0,Benign
15623,80,6,7.0,1580,12,10168,18,27,27,27,0,0,0,31,32,1500,52,52,1500,1580.0,10168.0,578,2,4820,4,12640000,81344000,18,0,6,0,6,10136,8688,16896,66,0,0,0,0.0,0,Benign
2761,21,6,1.0,9,1,193,3,24,24,16,0,0,0,31,32,89,52,52,89,456.0,435.0,0,0,0,0,208000,200000,15,0,0,0,0,0,7240,0,0,0,0,0,331.0,0,Benign
29790,21,6,1.0,1251,23,1752,25,24,24,24,0,0,0,31,32,106,52,52,106,1698.0,1994.0,309,5,517,6,8552000,9520000,59,0,0,0,0,15928,14480,13568,53,0,0,0,229.0,0,Benign
19288,80,6,7.0,794,10,2412,8,27,27,19,0,0,0,62,63,1078,40,40,1078,794.0,2412.0,221,1,1078,1,6352000,19296000,14,2,0,0,2,16383,16383,56576,221,0,0,0,0.0,1,Exploits
35956,15131,6,0.0,5120,28,3080,30,27,27,27,0,0,0,31,32,1192,52,52,1192,5120.0,3080.0,2140,6,1068,6,40960000,24640000,36,18,2,0,2,14480,14480,23552,92,0,0,0,0.0,0,Benign
55432,23857,6,0.0,2958,48,32796,50,27,27,27,0,0,0,31,32,1352,52,52,1352,2958.0,32796.0,539,6,15978,17,23664000,262368000,74,0,0,2,22,30408,14480,6912,27,0,0,0,0.0,0,Benign
50949,53,17,0.0,146,2,178,2,0,0,0,0,0,0,31,31,89,73,73,89,146.0,178.0,0,0,0,0,1168000,1424000,4,0,0,0,0,0,0,0,0,25248,1,60,0.0,0,Benign
2712,21,6,1.0,2059,37,2816,39,24,24,24,0,0,0,31,32,106,52,52,106,2506.0,3058.0,505,8,887,10,11664000,13552000,87,0,0,0,0,21720,18824,63744,249,0,0,0,125.0,0,Benign
6072,46535,6,0.0,2974,48,33882,50,27,27,27,0,0,0,31,32,1352,52,52,1352,2974.0,33882.0,547,6,16521,17,23792000,271056000,74,0,0,0,24,30408,14480,8960,35,0,0,0,0.0,0,Benign
59409,63455,6,0.0,2334,36,16822,38,27,27,27,0,0,0,31,32,1352,52,52,1352,2334.0,16822.0,539,6,7991,11,18672000,134576000,62,0,0,2,10,21720,14480,6912,27,0,0,0,0.0,0,Benign
23901,25,6,3.0,37154,52,3380,42,27,27,27,0,0,0,31,32,1500,52,52,1500,37154.0,3380.0,18105,17,958,7,297232000,27040000,66,2,2,0,24,15928,30408,47360,185,0,0,0,0.0,0,Benign
41672,53090,6,0.0,3390,56,42510,58,27,27,27,0,0,0,31,32,1352,52,52,1352,3390.0,42510.0,547,6,20835,21,27120000,340080000,82,0,0,4,28,36200,14480,8960,35,0,0,0,0.0,0,Benign
12459,111,17,0.0,168,2,0,0,0,0,0,0,0,0,254,254,84,84,0,84,168.0,0.0,0,0,0,0,1344000,0,2,0,0,0,0,0,0,0,0,0,0,0,0.0,1,Reconnaissance
35144,21,6,1.0,701,13,1054,15,24,24,24,0,0,0,31,32,106,52,52,106,1148.0,1296.0,190,3,266,3,6480000,6864000,39,0,0,0,0,11584,11584,48640,190,0,0,0,125.0,0,Benign
35738,21,6,1.0,1493,27,2056,29,24,24,24,0,0,0,31,32,106,52,52,106,1940.0,2298.0,378,6,611,7,9544000,10784000,67,0,0,0,0,17376,15928,31232,122,0,0,0,125.0,0,Benign
61326,59107,6,0.0,3926,66,58386,68,27,27,27,0,0,0,31,32,1352,52,52,1352,3926.0,58386.0,555,6,28773,26,31408000,467088000,92,0,0,0,42,43440,14480,11008,43,0,0,0,0.0,0,Benign
59055,21781,6,0.0,4256,18,2456,18,27,27,27,0,0,0,31,32,1020,52,52,1020,4256.0,2456.0,1968,6,1068,6,34048000,19648000,14,18,2,2,0,14480,14480,45056,176,0,0,0,0.0,0,Benign
18769,80,6,7.0,18578,348,1087890,746,27,27,27,0,0,0,31,32,1500,52,52,1500,18578.0,1087890.0,289,1,543733,369,148624000,113185408,354,0,20,0,720,65160,7240,8448,33,0,0,0,0.0,0,Benign
26570,21,6,1.0,1251,23,1751,25,24,24,24,0,0,0,31,32,106,52,52,106,1698.0,1993.0,309,5,517,6,8552000,9520000,59,0,0,0,0,15928,14480,13568,53,0,0,0,229.0,0,Benign
44043,80,6,7.0,1048,8,824,10,27,27,27,0,0,0,31,32,364,52,52,364,1048.0,824.0,364,1,200,1,8384000,6592000,14,2,2,0,0,7240,7240,27648,108,0,0,0,0.0,0,Benign
54431,21,6,1.0,1817,33,2512,35,24,24,24,0,0,0,31,32,106,52,52,106,2264.0,2754.0,436,7,793,9,10616000,12192000,79,0,0,0,0,20272,17376,46080,180,0,0,0,229.0,0,Benign
46765,52788,6,0.0,3182,52,36954,54,27,27,27,4294952,15,15,31,32,1352,52,52,1352,3182.0,36954.0,547,6,18057,19,1584000,18472000,78,0,0,4,24,33304,14480,8960,35,0,0,0,0.0,0,Benign
52129,28559,6,0.0,2974,48,34222,50,27,27,27,0,0,0,31,32,1352,52,52,1352,2974.0,34222.0,547,6,16691,17,23792000,273776000,74,0,0,0,24,30408,14480,8960,35,0,0,0,0.0,0,Benign
33541,6881,6,0.0,1540,16,1644,18,27,27,27,0,0,0,31,32,329,52,52,329,1540.0,1644.0,506,3,506,3,12320000,13152000,30,0,4,0,0,10136,10136,64000,250,0,0,0,0.0,0,Benign
44158,5190,6,0.0,2048,24,2410,26,27,27,27,0,0,0,31,32,485,52,52,485,2048.0,2410.0,656,5,837,6,16384000,19280000,46,0,4,0,0,14480,13032,36864,144,0,0,0,0.0,0,Benign
41232,45707,6,0.0,5486,96,95318,98,27,27,27,0,0,0,31,32,1352,52,52,1352,5486.0,95318.0,555,6,47239,41,43888000,762544000,122,0,0,6,66,65160,14480,11008,43,0,0,0,0.0,0,Benign
23146,59855,6,0.0,4376,18,2456,18,27,27,27,0,0,0,31,32,1080,52,52,1080,4376.0,2456.0,2028,6,1068,6,35008000,19648000,14,18,2,0,2,14480,14480,60416,236,0,0,0,0.0,0,Benign
12147,21,6,1.0,9,1,193,3,24,24,16,0,0,0,31,32,89,52,52,89,456.0,435.0,0,0,0,0,3648000,3480000,15,0,0,0,0,0,7240,0,0,0,0,0,331.0,0,Benign
49920,1763,6,0.0,2334,36,16102,38,27,27,27,0,0,0,31,32,1352,52,52,1352,2334.0,16102.0,539,6,7631,11,18672000,128816000,62,0,2,0,10,21720,14480,6912,27,0,0,0,0.0,0,Benign
2890,33731,6,0.0,2438,38,19420,40,27,27,27,0,0,0,31,32,1352,52,52,1352,2438.0,19420.0,539,6,9290,12,19504000,155360000,64,0,0,2,12,23168,14480,6912,27,0,0,0,0.0,0,Benign
12163,5190,6,0.0,1064,12,2260,12,27,27,27,0,0,0,31,32,828,52,52,828,1064.0,2260.0,372,3,970,3,8512000,18080000,20,2,0,2,0,10136,10136,29696,116,0,0,0,0.0,0,Benign
60962,21680,6,0.0,2646,42,24004,44,27,27,27,0,0,0,31,32,1352,52,52,1352,2646.0,24004.0,539,6,11582,14,21168000,192032000,68,0,2,0,16,26064,14480,6912,27,0,0,0,0.0,0,Benign
9156,7187,6,0.0,5174,90,85164,92,27,27,27,0,0,0,31,32,1352,52,52,1352,5174.0,85164.0,555,6,42162,38,41392000,681312000,116,0,6,0,60,60816,14480,11008,43,0,0,0,0.0,0,Benign
57747,28280,6,0.0,3390,56,44134,58,27,27,27,0,0,0,31,32,1352,52,52,1352,3390.0,44134.0,547,6,21647,21,27120000,353072000,82,0,0,0,32,36200,14480,8960,35,0,0,0,0.0,0,Benign
48029,54430,6,0.0,320,6,1850,8,27,19,27,0,0,0,31,32,765,52,52,765,320.0,1850.0,0,0,765,1,2560000,14800000,12,0,0,2,0,7240,5792,0,0,0,0,0,0.0,0,Benign
36321,21,6,1.0,481,9,750,11,24,24,24,0,0,0,31,32,94,52,52,94,928.0,992.0,132,2,172,2,5576000,5696000,31,0,0,0,0,10136,10136,33792,132,0,0,0,229.0,0,Benign
26784,62120,6,0.0,528,10,8824,12,27,19,27,0,0,0,31,32,1500,52,52,1500,528.0,8824.0,0,0,4252,3,4224000,70592000,16,0,0,0,6,10136,5792,0,0,0,0,0,0.0,0,Benign
3753,25,6,3.0,37266,52,3380,42,27,27,27,0,0,0,31,32,1500,52,52,1500,37266.0,3380.0,18161,17,958,7,298128000,27040000,66,2,2,0,24,15928,30408,61696,241,0,0,0,0.0,0,Benign
3901,17268,6,0.0,320,6,1936,8,27,19,27,4294951,16,16,31,32,808,52,52,808,320.0,1936.0,0,0,808,1,144000,904000,12,0,0,2,0,7240,5792,0,0,0,0,0,0.0,0,Benign
31262,25,6,3.0,37868,54,3484,44,27,27,27,0,0,0,31,32,1500,52,52,1500,37868.0,3484.0,18462,18,958,7,302944000,27872000,70,2,2,0,24,15928,31856,7680,30,0,0,0,0.0,0,Benign
10518,21,6,1.0,701,13,1054,15,24,24,24,0,0,0,31,32,106,52,52,106,1148.0,1296.0,190,3,266,3,6480000,6864000,39,0,0,0,0,11584,11584,48640,190,0,0,0,125.0,0,Benign
20893,179,6,0.0,2216,16,544,10,19,19,19,0,0,0,254,255,727,40,40,727,2216.0,544.0,932,4,144,2,17728000,4352000,24,0,0,2,0,16383,16383,41984,164,0,0,0,0.0,0,Benign
43563,49986,17,0.0,536,4,304,4,0,0,0,0,0,0,31,32,152,52,52,152,536.0,304.0,0,0,0,0,4288000,2432000,6,2,0,0,0,0,0,0,0,0,0,0,0.0,0,Benign
19192,53,17,0.0,146,2,178,2,0,0,0,0,0,0,31,31,89,73,73,89,146.0,178.0,0,0,0,0,1168000,1424000,4,0,0,0,0,0,0,0,0,61277,1,60,0.0,0,Benign
59098,80,6,7.0,1684,14,10168,18,27,27,27,0,0,0,31,32,1500,52,52,1500,1684.0,10168.0,578,2,4820,4,13472000,81344000,20,0,6,0,6,11584,8688,16896,66,0,0,0,0.0,0,Benign
55989,53,17,0.0,130,2,162,2,0,0,0,0,0,0,31,31,81,65,65,81,130.0,162.0,0,0,0,0,1040000,1296000,4,0,0,0,0,0,0,0,0,32528,1,60,0.0,0,Benign
54208,51104,6,0.0,2750,44,28874,46,27,27,27,0,0,0,31,32,1379,52,52,1379,2750.0,28874.0,539,6,14017,15,22000000,230992000,70,0,0,0,20,27512,14480,6912,27,0,0,0,0.0,0,Benign
7995,43653,6,0.0,3598,60,46456,62,27,27,27,0,0,0,31,32,1352,52,52,1352,3598.0,46456.0,547,6,22808,23,28784000,371648000,86,0,4,0,32,39096,14480,8960,35,0,0,0,0.0,0,Benign
7600,43490,6,0.0,3598,60,48918,62,27,27,27,0,0,0,31,32,1352,52,52,1352,3598.0,48918.0,547,6,24039,23,28784000,391344000,86,0,0,4,32,39096,14480,8960,35,0,0,0,0.0,0,Benign
21544,80,6,7.0,866,10,1182,8,27,27,19,0,0,0,62,63,463,40,40,463,866.0,1182.0,257,1,463,1,6928000,9456000,14,0,4,0,0,16383,16383,256,1,0,0,0,0.0,1,Exploits
18296,6881,6,0.0,1540,16,1644,18,27,27,27,0,0,0,31,32,329,52,52,329,1540.0,1644.0,506,3,506,3,12320000,13152000,30,0,4,0,0,10136,10136,64000,250,0,0,0,0.0,0,Benign
25784,61601,6,0.0,2230,34,14370,36,27,27,27,0,0,0,31,32,1352,52,52,1352,2230.0,14370.0,539,6,6765,10,17840000,114960000,60,0,0,2,8,20272,14480,6912,27,0,0,0,0.0,0,Benign
30715,21,6,1.0,1817,33,2662,37,24,24,24,0,0,0,31,32,106,52,52,106,2264.0,2904.0,436,7,886,10,10616000,12344000,81,0,0,0,0,24616,20272,46080,180,0,0,0,221.0,0,Benign
39777,41209,6,0.0,3302,54,35712,56,27,27,27,0,0,0,31,32,1352,52,52,1352,3302.0,35712.0,555,6,17436,20,26416000,285696000,78,8,0,0,24,34752,14480,11008,43,0,0,0,0.0,0,Benign
15266,25,6,3.0,37154,52,3380,42,27,27,27,0,0,0,31,32,1500,52,52,1500,37154.0,3380.0,18105,17,958,7,297232000,27040000,66,2,2,0,24,15928,30408,47360,185,0,0,0,0.0,0,Benign
15062,111,17,0.0,568,4,312,4,0,0,0,0,0,0,31,32,142,76,76,142,568.0,312.0,0,0,0,0,4544000,2496000,4,4,0,0,0,0,0,0,0,0,0,0,0.0,0,Benign
34580,6863,6,0.0,8928,14,320,6,27,27,19,0,0,0,31,32,1500,52,52,1500,8928.0,320.0,4252,3,0,0,71424000,2560000,14,0,0,0,6,5792,10136,39936,156,0,0,0,0.0,0,Benign
14720,32341,6,0.0,424,8,8824,12,27,19,27,0,0,0,31,32,1500,52,52,1500,424.0,8824.0,0,0,4252,3,3392000,70592000,14,0,0,0,6,10136,5792,0,0,0,0,0,0.0,0,Benign
1639,32142,6,0.0,1866,29,21556,33,27,27,27,0,0,0,31,32,1352,52,52,1352,1866.0,21556.0,383,4,9786,10,14928000,172448000,47,0,0,0,15,36200,14480,32512,127,0,0,0,0.0,0,Benign
17944,40551,6,0.0,5174,90,90666,92,27,27,27,0,0,0,31,32,1352,52,52,1352,5174.0,90666.0,555,6,44913,38,41392000,725328000,116,0,0,0,66,60816,14480,11008,43,0,0,0,0.0,0,Benign
21426,111,17,0.0,568,4,304,4,0,0,0,0,0,0,31,32,142,76,76,142,568.0,304.0,0,0,0,0,4544000,2432000,4,4,0,0,0,0,0,0,0,0,0,0,0.0,0,Benign
40752,41004,6,0.0,2646,42,24570,44,27,27,27,0,0,0,31,32,1352,52,52,1352,2646.0,24570.0,539,6,11865,14,21168000,196560000,68,0,0,2,16,26064,14480,6912,27,0,0,0,0.0,0,Benign
8179,21,6,1.0,481,9,750,11,24,24,24,0,0,0,31,32,94,52,52,94,928.0,992.0,132,2,172,2,5576000,5696000,31,0,0,0,0,10136,10136,33792,132,0,0,0,229.0,0,Benign
35026,47850,6,0.0,2974,48,31920,50,27,27,27,0,0,0,31,32,1352,52,52,1352,2974.0,31920.0,547,6,15540,17,23792000,255360000,74,0,0,4,20,30408,14480,8960,35,0,0,0,0.0,0,Benign
28345,53,17,0.0,132,2,164,2,0,0,0,0,0,0,31,31,82,66,66,82,132.0,164.0,0,0,0,0,1056000,1312000,4,0,0,0,0,0,0,0,0,51996,1,60,0.0,0,Benign
36288,53,17,0.0,146,2,178,2,0,0,0,0,0,0,31,31,89,73,73,89,146.0,178.0,0,0,0,0,1168000,1424000,4,0,0,0,0,0,0,0,0,10341,1,60,0.0,0,Benign
23140,111,17,0.0,568,4,304,4,0,0,0,0,0,0,31,32,142,76,76,142,568.0,304.0,0,0,0,0,4544000,2432000,4,4,0,0,0,0,0,0,0,0,0,0,0.0,0,Benign
45738,80,6,7.0,1684,14,10168,18,27,27,27,4294951,16,16,31,32,1500,52,52,1500,1684.0,10168.0,578,2,4820,4,792000,4784000,20,0,6,0,6,11584,8688,16896,66,0,0,0,0.0,0,Benign
10568,11460,6,0.0,8928,14,320,6,27,27,19,0,0,0,31,32,1500,52,52,1500,8928.0,320.0,4252,3,0,0,71424000,2560000,14,0,0,0,6,5792,10136,39936,156,0,0,0,0.0,0,Benign
30656,58250,6,0.0,2230,34,14370,36,27,27,27,0,0,0,31,32,1352,52,52,1352,2230.0,14370.0,539,6,6765,10,17840000,114960000,60,0,0,2,8,20272,14480,6912,27,0,0,0,0.0,0,Benign
38061,11351,6,0.0,3806,64,53914,66,27,27,27,0,0,0,31,32,1352,52,52,1352,3806.0,53914.0,547,6,26537,25,30448000,431312000,90,0,0,4,36,41992,14480,8960,35,0,0,0,0.0,0,Benign
43637,111,17,0.0,568,4,320,4,0,0,0,0,0,0,31,32,142,80,80,142,568.0,320.0,0,0,0,0,4544000,2560000,4,4,0,0,0,0,0,0,0,0,0,0,0.0,0,Benign
60643,5190,6,0.0,2158,24,1918,20,27,27,27,0,0,0,31,32,433,52,52,433,2158.0,1918.0,711,5,643,4,17264000,15344000,38,2,4,0,0,11584,13032,50944,199,0,0,0,0.0,0,Benign
40731,39950,6,0.0,2542,40,23154,42,27,27,27,0,0,0,31,32,1352,52,52,1352,2542.0,23154.0,539,6,11157,13,20336000,185232000,66,0,0,0,16,24616,14480,6912,27,0,0,0,0.0,0,Benign
2108,21,6,1.0,1493,27,2052,29,24,24,24,0,0,0,31,32,106,52,52,106,1940.0,2294.0,378,6,609,7,9544000,10776000,67,0,0,0,0,17376,15928,31232,122,0,0,0,125.0,0,Benign
54478,53,17,0.0,146,2,178,2,0,0,0,0,0,0,31,31,89,73,73,89,146.0,178.0,0,0,0,0,1168000,1424000,4,0,0,0,0,0,0,0,0,29035,1,60,0.0,0,Benign
43145,80,6,7.0,1580,12,10168,18,27,27,27,0,0,0,31,32,1500,52,52,1500,1580.0,10168.0,578,2,3320,3,12640000,81344000,18,0,6,0,6,8688,8688,16896,66,0,0,0,0.0,0,Benign
52210,25,6,3.0,37282,52,3380,42,27,27,27,0,0,0,31,32,1500,52,52,1500,37282.0,3380.0,18169,17,958,7,298256000,27040000,66,2,2,0,24,15928,30408,63744,249,0,0,0,0.0,0,Benign
52754,21,6,1.0,701,13,1054,15,24,24,24,0,0,0,31,32,106,52,52,106,1148.0,1296.0,190,3,266,3,6480000,6864000,39,0,0,0,0,11584,11584,48640,190,0,0,0,125.0,0,Benign
34684,53,17,0.0,132,2,164,2,0,0,0,0,0,0,31,31,82,66,66,82,132.0,164.0,0,0,0,0,1056000,1312000,4,0,0,0,0,0,0,0,0,8921,1,60,0.0,0,Benign
39009,25,6,3.0,37496,52,3380,42,27,27,27,0,0,0,31,32,1500,52,52,1500,37496.0,3380.0,18276,17,958,7,299968000,27040000,66,2,2,0,24,15928,30408,25600,100,0,0,0,0.0,0,Benign
1583,12816,6,0.0,424,8,8824,12,27,19,27,0,0,0,31,32,1500,52,52,1500,424.0,8824.0,0,0,4252,3,3392000,70592000,14,0,0,0,6,10136,5792,0,0,0,0,0,0.0,0,Benign
23418,21813,6,0.0,3768,18,2456,18,27,27,27,0,0,0,31,32,776,52,52,776,3768.0,2456.0,1724,6,1068,6,30144000,19648000,14,18,2,2,0,14480,14480,48128,188,0,0,0,0.0,0,Benign
5227,25,6,3.0,37346,52,3276,40,27,27,27,0,0,0,31,32,1500,52,52,1500,37346.0,3276.0,18201,17,958,7,298768000,26208000,64,2,2,0,24,15928,30408,6400,25,0,0,0,0.0,0,Benign
26785,24937,6,0.0,4222,72,63402,74,27,27,27,0,0,0,31,32,1352,52,52,1352,4222.0,63402.0,547,6,31281,29,33776000,507216000,96,2,0,4,44,47784,14480,8960,35,0,0,0,0.0,0,Benign
49179,2674,17,0.0,536,4,304,4,0,0,0,0,0,0,31,32,152,52,52,152,536.0,304.0,0,0,0,0,4288000,2432000,6,2,0,0,0,0,0,0,0,0,0,0,0.0,0,Benign
55772,21,6,1.0,1251,23,1752,25,24,24,24,0,0,0,31,32,106,52,52,106,1698.0,1994.0,309,5,517,6,8552000,9520000,59,0,0,0,0,15928,14480,13568,53,0,0,0,229.0,0,Benign
51088,28008,6,0.0,4014,68,57706,70,27,27,27,0,0,0,31,32,1352,52,52,1352,4014.0,57706.0,547,6,28433,27,32112000,461648000,94,0,4,0,40,44888,14480,8960,35,0,0,0,0.0,0,Benign
15963,58452,6,0.0,2974,48,33572,50,27,27,27,0,0,0,31,32,1352,52,52,1352,2974.0,33572.0,547,6,16366,17,23792000,268576000,74,0,0,0,24,30408,14480,8960,35,0,0,0,0.0,0,Benign
4800,9643,17,0.0,528,4,304,4,0,0,0,0,0,0,31,32,148,52,52,148,528.0,304.0,0,0,0,0,4224000,2432000,6,2,0,0,0,0,0,0,0,0,0,0,0.0,0,Benign
32554,80,6,7.0,1580,12,10168,18,27,27,27,0,0,0,31,32,1500,52,52,1500,1580.0,10168.0,578,2,3320,3,12640000,81344000,18,0,6,0,6,10136,8688,16896,66,0,0,0,0.0,0,Benign
13365,40646,6,0.0,3182,52,39694,54,27,27,27,0,0,0,31,32,1352,52,52,1352,3182.0,39694.0,547,6,19427,19,25456000,317552000,76,2,0,0,28,33304,14480,8960,35,0,0,0,0.0,0,Benign
39115,9015,6,0.0,2230,34,14816,36,27,27,27,0,0,0,31,32,1352,52,52,1352,2230.0,14816.0,539,6,6988,10,17840000,118528000,60,0,0,0,10,20272,14480,6912,27,0,0,0,0.0,0,Benign
1537,6881,6,0.0,1540,16,1644,18,27,27,27,0,0,0,31,32,329,52,52,329,1540.0,1644.0,506,3,506,3,12320000,13152000,30,0,4,0,0,10136,10136,64000,250,0,0,0,0.0,0,Benign
5294,49916,6,0.0,3992,18,2456,18,27,27,27,0,0,0,31,32,888,52,52,888,3992.0,2456.0,1836,6,1068,6,31936000,19648000,14,18,2,2,0,14480,14480,11264,44,0,0,0,0.0,0,Benign
22057,64927,6,0.0,4544,18,2456,18,27,27,27,0,0,0,31,32,1164,52,52,1164,4544.0,2456.0,2112,6,1068,6,36352000,19648000,14,18,2,0,2,14480,14480,16384,64,0,0,0,0.0,0,Benign
35676,21,6,1.0,481,9,750,11,24,24,24,0,0,0,31,32,94,52,52,94,928.0,992.0,132,2,172,2,5576000,5696000,31,0,0,0,0,10136,10136,33792,132,0,0,0,229.0,0,Benign
9249,21,6,1.0,1493,27,2052,29,24,24,24,0,0,0,31,32,106,52,52,106,1940.0,2294.0,378,6,609,7,9544000,10776000,67,0,0,0,0,17376,15928,31232,122,0,0,0,125.0,0,Benign
15680,6881,6,0.0,1540,16,1644,18,27,27,27,0,0,0,31,32,329,52,52,329,1540.0,1644.0,506,3,506,3,12320000,13152000,30,0,4,0,0,10136,10136,64000,250,0,0,0,0.0,0,Benign
11243,29895,6,0.0,320,6,1918,8,27,19,27,0,0,0,31,32,799,52,52,799,320.0,1918.0,0,0,799,1,2560000,15344000,12,0,0,2,0,7240,5792,0,0,0,0,0,0.0,0,Benign
31998,59283,6,0.0,3806,64,51422,66,27,27,27,0,0,0,31,32,1352,52,52,1352,3806.0,51422.0,547,6,25291,25,30448000,411376000,90,4,0,0,36,41992,14480,8960,35,0,0,0,0.0,0,Benign
63995,21,6,1.0,9,1,193,3,24,24,16,0,0,0,31,32,89,52,52,89,456.0,435.0,0,0,0,0,3648000,3480000,15,0,0,0,0,0,7240,0,0,0,0,0,331.0,0,Benign
31840,53,17,0.0,130,2,162,2,0,0,0,0,0,0,31,31,81,65,65,81,130.0,162.0,0,0,0,0,1040000,1296000,4,0,0,0,0,0,0,0,0,55749,1,60,0.0,0,Benign
38844,38595,6,0.0,5278,92,90666,92,27,27,27,0,0,0,31,32,1352,52,52,1352,5278.0,90666.0,555,6,44913,38,42224000,725328000,118,0,0,0,66,60816,14480,11008,43,0,0,0,0.0,0,Benign
20797,19178,6,0.0,2854,46,31360,48,27,27,27,0,0,0,31,32,1352,52,52,1352,2854.0,31360.0,539,6,15260,16,22832000,250880000,72,0,0,0,22,28960,14480,6912,27,0,0,0,0.0,0,Benign
35835,13061,6,0.0,4056,18,2456,18,27,27,27,0,0,0,31,32,920,52,52,920,4056.0,2456.0,1868,6,1068,6,32448000,19648000,14,18,2,2,0,14480,14480,19456,76,0,0,0,0.0,0,Benign
46953,21,6,1.0,1817,33,2512,35,24,24,24,0,0,0,31,32,106,52,52,106,2264.0,2754.0,436,7,793,9,10616000,12192000,79,0,0,0,0,20272,17376,46080,180,0,0,0,229.0,0,Benign
29300,5190,6,0.0,1470,22,1728,14,27,27,27,0,0,0,31,32,510,52,52,510,1470.0,1728.0,367,4,652,3,11760000,13824000,32,2,2,0,0,10136,11584,28416,111,0,0,0,0.0,0,Benign
45498,21,6,1.0,1493,27,2056,29,24,24,24,0,0,0,31,32,106,52,52,106,1940.0,2298.0,378,6,611,7,9544000,10784000,67,0,0,0,0,17376,15928,31232,122,0,0,0,125.0,0,Benign
52625,80,6,7.0,1580,12,10168,18,27,27,27,0,0,0,31,32,1500,52,52,1500,1580.0,10168.0,578,2,3320,3,12640000,81344000,18,0,6,0,6,10136,8688,16896,66,0,0,0,0.0,0,Benign
16222,14305,6,0.0,2766,44,28404,46,27,27,27,0,0,0,31,32,1352,52,52,1352,2766.0,28404.0,547,6,13782,15,22128000,227232000,70,0,0,0,20,27512,14480,8960,35,0,0,0,0.0,0,Benign
53661,51677,6,0.0,3598,60,46566,62,27,27,27,0,0,0,31,32,1352,52,52,1352,3598.0,46566.0,547,6,22863,23,28784000,372528000,86,0,4,0,32,39096,14480,8960,35,0,0,0,0.0,0,Benign
39947,10234,6,0.0,3806,64,55844,66,27,27,27,0,0,0,31,32,1352,52,52,1352,3806.0,55844.0,547,6,27502,25,30448000,446752000,88,2,0,0,40,41992,14480,8960,35,0,0,0,0.0,0,Benign
12332,5190,6,0.0,1470,22,1728,14,27,27,27,0,0,0,31,32,510,52,52,510,1470.0,1728.0,367,4,652,3,11760000,13824000,32,2,2,0,0,10136,11584,28416,111,0,0,0,0.0,0,Benign
3550,5625,6,0.0,2646,42,25470,44,27,27,27,0,0,0,31,32,1352,52,52,1352,2646.0,25470.0,539,6,12315,14,21168000,203760000,68,0,0,2,16,26064,14480,6912,27,0,0,0,0.0,0,Benign
35404,80,6,7.0,846,10,1444,10,27,27,19,0,0,0,62,63,554,40,40,554,846.0,1444.0,247,1,554,1,6768000,11552000,16,2,0,2,0,16383,16383,63232,247,0,0,0,0.0,1,Analysis
10422,21,6,1.0,2383,43,3234,45,24,24,24,0,0,0,31,32,106,52,52,106,2830.0,3476.0,563,9,1068,12,12760000,14984000,99,0,0,0,0,24616,20272,13056,51,0,0,0,221.0,0,Benign
22293,21,6,1.0,2383,43,3232,45,24,24,24,0,0,0,31,32,106,52,52,106,2830.0,3474.0,563,9,1067,12,12760000,14976000,99,0,0,0,0,24616,20272,13056,51,0,0,0,221.0,0,Benign
10409,7994,6,0.0,4550,78,67380,80,27,27,27,0,0,0,31,32,1352,52,52,1352,4550.0,67380.0,555,6,33270,32,36400000,539040000,110,0,0,0,48,52128,14480,11008,43,0,0,0,0.0,0,Benign
11976,28760,6,0.0,424,8,8824,12,27,19,27,0,0,0,31,32,1500,52,52,1500,424.0,8824.0,0,0,4252,3,3392000,70592000,14,0,0,0,6,10136,5792,0,0,0,0,0,0.0,0,Benign
1178,25,6,3.0,37342,52,3380,42,27,27,27,0,0,0,31,32,1500,52,52,1500,37342.0,3380.0,18199,17,958,7,298736000,27040000,66,2,2,0,24,15928,30408,5888,23,0,0,0,0.0,0,Benign
12858,32284,6,0.0,320,6,1888,8,27,19,27,0,0,0,31,32,784,52,52,784,320.0,1888.0,0,0,784,1,2560000,15104000,12,0,0,2,0,7240,5792,0,0,0,0,0,0.0,0,Benign
2991,58363,17,0.0,520,4,304,4,0,0,0,0,0,0,31,32,144,52,52,144,520.0,304.0,0,0,0,0,4160000,2432000,6,2,0,0,0,0,0,0,0,0,0,0,0.0,0,Benign
46850,3001,6,0.0,2438,38,20006,40,27,27,27,0,0,0,31,32,1352,52,52,1352,2438.0,20006.0,539,6,9583,12,19504000,160048000,64,0,0,2,12,23168,14480,6912,27,0,0,0,0.0,0,Benign
10838,9390,6,0.0,5072,28,3080,30,27,27,27,0,0,0,31,32,1168,52,52,1168,5072.0,3080.0,2116,6,1068,6,40576000,24640000,36,18,2,0,2,14480,14480,17408,68,0,0,0,0.0,0,Benign
31619,5190,6,0.0,2054,22,2478,24,27,27,27,0,0,0,31,32,433,52,52,433,2054.0,2478.0,711,5,871,5,16432000,19824000,38,4,4,0,0,13032,13032,50944,199,0,0,0,0.0,0,Benign
22504,111,17,0.0,568,4,312,4,0,0,0,0,0,0,31,32,142,76,76,142,568.0,312.0,0,0,0,0,4544000,2496000,4,4,0,0,0,0,0,0,0,0,0,0,0.0,0,Benign
7956,6881,6,0.0,20856,380,918947,711,27,27,27,4294952,15,15,31,32,1500,52,52,1500,20856.0,918947.0,2052,29,454545,321,10424000,459472000,446,0,2,51,592,65160,56472,1024,4,0,0,0,0.0,0,Benign
16833,21,6,1.0,2383,43,3232,45,24,24,24,0,0,0,31,32,106,52,52,106,2830.0,3474.0,563,9,1067,12,12760000,14976000,99,0,0,0,0,24616,20272,13056,51,0,0,0,221.0,0,Benign
8558,45337,6,0.0,3824,18,2456,18,27,27,27,0,0,0,31,32,804,52,52,804,3824.0,2456.0,1752,6,1068,6,30592000,19648000,14,18,2,2,0,14480,14480,55296,216,0,0,0,0.0,0,Benign
9444,46004,6,0.0,3728,18,2456,18,27,27,27,0,0,0,31,32,756,52,52,756,3728.0,2456.0,1704,6,1068,6,29824000,19648000,14,18,2,2,0,14480,14480,43008,168,0,0,0,0.0,0,Benign
23975,80,6,7.0,1684,14,10168,18,27,27,27,0,0,0,31,32,1500,52,52,1500,1684.0,10168.0,578,2,4820,4,13472000,81344000,20,0,6,0,6,11584,8688,16896,66,0,0,0,0.0,0,Benign
11723,53,17,0.0,146,2,178,2,0,0,0,0,0,0,31,31,89,73,73,89,146.0,178.0,0,0,0,0,1168000,1424000,4,0,0,0,0,0,0,0,0,34926,1,60,0.0,0,Benign
59734,1258,6,0.0,8928,14,320,6,27,27,19,0,0,0,31,32,1500,52,52,1500,8928.0,320.0,4252,3,0,0,71424000,2560000,14,0,0,0,6,5792,10136,39936,156,0,0,0,0.0,0,Benign
15864,21,6,1.0,2059,37,2816,39,24,24,24,0,0,0,31,32,106,52,52,106,2506.0,3058.0,505,8,887,10,11664000,13552000,87,0,0,0,0,21720,18824,63744,249,0,0,0,125.0,0,Benign
43659,6881,6,0.0,1540,16,1644,18,27,27,27,0,0,0,31,32,329,52,52,329,1540.0,1644.0,506,3,506,3,12320000,13152000,30,0,4,0,0,10136,10136,64000,250,0,0,0,0.0,0,Benign
44722,42682,6,0.0,3926,66,55486,68,27,27,27,0,0,0,31,32,1352,52,52,1352,3926.0,55486.0,555,6,27323,26,31408000,443888000,92,0,0,6,36,43440,14480,11008,43,0,0,0,0.0,0,Benign
26488,22,6,92.0,3728,32,5578,26,27,27,27,0,0,0,31,32,900,52,52,900,3728.0,5578.0,1340,6,2421,6,29824000,44624000,44,4,4,6,0,14480,14480,15360,60,0,0,0,0.0,0,Benign
2750,21590,6,0.0,424,8,8824,12,27,19,27,0,0,0,31,32,1500,52,52,1500,424.0,8824.0,0,0,4252,3,3392000,70592000,14,0,0,0,6,10136,5792,0,0,0,0,0,0.0,0,Benign
58177,53,17,0.0,146,2,178,2,0,0,0,0,0,0,31,31,89,73,73,89,146.0,178.0,0,0,0,0,1168000,1424000,4,0,0,0,0,0,0,0,0,18148,1,60,0.0,0,Benign
10535,8409,6,0.0,2230,34,13586,36,27,27,27,0,0,0,31,32,1352,52,52,1352,2230.0,13586.0,539,6,6373,10,17840000,108688000,60,0,2,0,8,20272,14480,6912,27,0,0,0,0.0,0,Benign
55974,21,6,1.0,2059,37,2816,39,24,24,24,0,0,0,31,32,106,52,52,106,2506.0,3058.0,505,8,887,10,11664000,13552000,87,0,0,0,0,21720,18824,63744,249,0,0,0,125.0,0,Benign
10584,8518,6,0.0,2334,36,16920,38,27,27,27,0,0,0,31,32,1352,52,52,1352,2334.0,16920.0,539,6,8040,11,18672000,135360000,62,0,0,2,10,21720,14480,6912,27,0,0,0,0.0,0,Benign
65152,21,6,1.0,2487,45,3500,50,25,25,25,0,0,0,31,32,106,52,52,106,2934.0,3742.0,563,9,1126,13,13736000,16336000,106,0,0,0,0,26064,20272,13056,51,0,0,0,0.0,0,Benign
14643,53,17,0.0,130,2,162,2,0,0,0,0,0,0,31,31,81,65,65,81,130.0,162.0,0,0,0,0,1040000,1296000,4,0,0,0,0,0,0,0,0,40086,1,60,0.0,0,Benign
1191,53129,6,0.0,2646,42,25418,44,27,27,27,0,0,0,31,32,1352,52,52,1352,2646.0,25418.0,539,6,12289,14,21168000,203344000,68,0,0,2,16,26064,14480,6912,27,0,0,0,0.0,0,Benign
57116,21,6,1.0,261,5,469,7,24,24,24,0,0,0,31,32,89,52,52,89,708.0,711.0,74,1,89,1,4656000,4584000,23,0,0,0,0,8688,8688,18944,74,0,0,0,230.0,0,Benign
5484,21,6,1.0,1031,19,1474,21,24,24,24,0,0,0,31,32,106,52,52,106,1478.0,1716.0,251,4,437,5,7544000,8240000,51,0,0,0,0,14480,13032,64256,251,0,0,0,230.0,0,Benign
49601,46189,6,0.0,3824,18,2456,18,27,27,27,0,0,0,31,32,804,52,52,804,3824.0,2456.0,1752,6,1068,6,30592000,19648000,14,18,2,2,0,14480,14480,55296,216,0,0,0,0.0,0,Benign
45181,21,6,1.0,2487,45,3500,50,25,25,25,0,0,0,31,32,106,52,52,106,2934.0,3742.0,563,9,1126,13,13736000,16336000,106,0,0,0,0,26064,20272,13056,51,0,0,0,0.0,0,Benign
47271,21,6,1.0,1493,27,2056,29,24,24,24,0,0,0,31,32,106,52,52,106,1940.0,2298.0,378,6,611,7,9544000,10784000,67,0,0,0,0,17376,15928,31232,122,0,0,0,125.0,0,Benign
5437,48119,6,0.0,4014,68,61374,70,27,27,27,0,0,0,31,32,1369,52,52,1369,4014.0,61374.0,547,6,30267,27,32112000,490992000,94,0,0,0,44,44888,14480,8960,35,0,0,0,0.0,0,Benign
58909,65206,6,0.0,3286,54,40986,58,27,27,27,0,0,0,31,32,1352,52,52,1352,3286.0,40986.0,547,6,20073,21,26288000,327888000,80,0,4,0,28,36200,14480,8960,35,0,0,0,0.0,0,Benign
41490,10784,17,0.0,512,4,304,4,0,0,0,0,0,0,31,32,140,52,52,140,512.0,304.0,0,0,0,0,4096000,2432000,6,2,0,0,0,0,0,0,0,0,0,0,0.0,0,Benign
11104,37563,6,0.0,3182,52,36578,54,27,27,27,0,0,0,31,32,1352,52,52,1352,3182.0,36578.0,547,6,17869,19,25456000,292624000,76,2,0,4,24,33304,14480,8960,35,0,0,0,0.0,0,Benign
38067,53,17,0.0,146,2,178,2,0,0,0,0,0,0,31,31,89,73,73,89,146.0,178.0,0,0,0,0,1168000,1424000,4,0,0,0,0,0,0,0,0,12566,1,60,0.0,0,Benign
18720,25,6,3.0,37168,52,3380,42,27,27,27,0,0,0,31,32,1500,52,52,1500,37168.0,3380.0,18112,17,958,7,297344000,27040000,66,2,2,0,24,15928,30408,49152,192,0,0,0,0.0,0,Benign
13921,23425,6,0.0,8928,14,424,8,27,27,19,0,0,0,31,32,1500,52,52,1500,8928.0,424.0,4252,3,0,0,71424000,3392000,16,0,0,0,6,5792,10136,39936,156,0,0,0,0.0,0,Benign
64481,25,6,3.0,38120,54,3380,42,27,27,27,0,0,0,31,32,1500,52,52,1500,38120.0,3380.0,18588,18,958,7,304960000,27040000,66,4,2,0,24,15928,31856,39936,156,0,0,0,0.0,0,Benign
27187,25,6,3.0,37582,52,3276,40,27,27,27,0,0,0,31,32,1500,52,52,1500,37582.0,3276.0,18319,17,958,7,300656000,26208000,64,2,2,0,24,15928,30408,36608,143,0,0,0,0.0,0,Benign
43715,25,6,3.0,37260,52,3380,42,27,27,27,0,0,0,31,32,1500,52,52,1500,37260.0,3380.0,18158,17,958,7,298080000,27040000,66,2,2,0,24,15928,30408,60928,238,0,0,0,0.0,0,Benign
14473,25,6,3.0,37372,52,3276,40,27,27,27,0,0,0,31,32,1500,52,52,1500,37372.0,3276.0,18214,17,958,7,298976000,26208000,64,2,2,0,24,15928,30408,9728,38,0,0,0,0.0,0,Benign
53,19350,17,0.0,83,1,0,0,0,0,0,0,0,0,0,0,83,83,0,83,83.0,0.0,0,0,0,0,664000,0,1,0,0,0,0,0,0,0,0,19195,1,851973,0.0,0,Benign
25311,80,6,7.0,1684,14,10168,18,27,27,27,0,0,0,31,32,1500,52,52,1500,1684.0,10168.0,578,2,4820,4,13472000,81344000,20,0,6,0,6,11584,8688,16896,66,0,0,0,0.0,0,Benign
51801,51369,17,0.0,536,4,304,4,0,0,0,0,0,0,31,32,152,52,52,152,536.0,304.0,0,0,0,0,4288000,2432000,6,2,0,0,0,0,0,0,0,0,0,0,0.0,0,Benign
49819,2896,6,0.0,2990,48,33818,50,27,27,27,0,0,0,31,32,1352,52,52,1352,2990.0,33818.0,555,6,16489,17,23920000,270544000,74,0,0,0,24,30408,14480,11008,43,0,0,0,0.0,0,Benign
49451,25,6,3.0,37452,52,3380,42,27,27,27,0,0,0,31,32,1500,52,52,1500,37452.0,3380.0,18254,17,958,7,299616000,27040000,66,2,2,0,24,15928,30408,19968,78,0,0,0,0.0,0,Benign
9171,21,6,1.0,2487,45,3498,50,25,25,25,0,0,0,31,32,106,52,52,106,2934.0,3740.0,563,9,1125,13,13736000,16328000,106,0,0,0,0,26064,20272,13056,51,0,0,0,0.0,0,Benign
55617,24707,6,0.0,4424,18,2456,18,27,27,27,0,0,0,31,32,1104,52,52,1104,4424.0,2456.0,2052,6,1068,6,35392000,19648000,14,18,2,0,2,14480,14480,1024,4,0,0,0,0.0,0,Benign
47439,53,17,0.0,114,2,0,0,0,0,0,0,0,0,254,254,57,57,0,57,114.0,0.0,0,0,0,0,912000,0,2,0,0,0,0,0,0,0,0,46339,255,0,0.0,1,Generic
3497,1519,6,0.0,2958,48,32408,50,27,27,27,0,0,0,31,32,1352,52,52,1352,2958.0,32408.0,539,6,15784,17,23664000,259264000,74,0,2,0,22,30408,14480,6912,27,0,0,0,0.0,0,Benign
50280,55688,6,0.0,2438,38,19414,40,27,27,27,0,0,0,31,32,1352,52,52,1352,2438.0,19414.0,539,6,9287,12,19504000,155312000,64,0,0,2,12,23168,14480,6912,27,0,0,0,0.0,0,Benign
28417,53,17,0.0,132,2,164,2,0,0,0,0,0,0,31,31,82,66,66,82,132.0,164.0,0,0,0,0,1056000,1312000,4,0,0,0,0,0,0,0,0,51876,1,60,0.0,0,Benign
52849,21,6,1.0,261,5,469,7,24,24,24,0,0,0,31,32,89,52,52,89,320388.0,242469.0,74,1,89,1,1888000,2128000,23,0,0,0,0,8688,8688,18944,74,0,0,0,230.0,0,Benign
64468,6881,6,0.0,1540,16,1644,18,27,27,27,0,0,0,31,32,329,52,52,329,1540.0,1644.0,506,3,506,3,12320000,13152000,30,0,4,0,0,10136,10136,64000,250,0,0,0,0.0,0,Benign
50587,53,17,0.0,130,2,162,2,0,0,0,0,0,0,31,31,81,65,65,81,130.0,162.0,0,0,0,0,1040000,1296000,4,0,0,0,0,0,0,0,0,24638,1,60,0.0,0,Benign
43420,36222,6,0.0,320,6,1972,8,27,19,27,0,0,0,31,32,826,52,52,826,320.0,1972.0,0,0,826,1,2560000,15776000,12,0,0,2,0,7240,5792,0,0,0,0,0,0.0,0,Benign
37798,33869,6,0.0,3806,64,50974,66,27,27,27,0,0,0,31,32,1352,52,52,1352,3806.0,50974.0,547,6,25067,25,30448000,407792000,90,4,0,0,36,41992,14480,8960,35,0,0,0,0.0,0,Benign
23433,54547,6,0.0,8928,14,320,6,27,27,19,0,0,0,31,32,1500,52,52,1500,8928.0,320.0,4252,3,0,0,71424000,2560000,14,0,0,0,6,5792,10136,39936,156,0,0,0,0.0,0,Benign
7900,54153,6,0.0,424,8,8824,12,27,19,27,0,0,0,31,32,1500,52,52,1500,424.0,8824.0,0,0,4252,3,3392000,70592000,14,0,0,0,6,10136,5792,0,0,0,0,0,0.0,0,Benign
23473,59482,6,0.0,3614,60,47774,62,27,27,27,0,0,0,31,32,1352,52,52,1352,3614.0,47774.0,555,6,23467,23,28912000,382192000,86,0,0,6,30,39096,14480,11008,43,0,0,0,0.0,0,Benign
2801,51168,6,0.0,3302,54,34836,56,27,27,27,0,0,0,31,32,1352,52,52,1352,3302.0,34836.0,555,6,16998,20,26416000,278688000,86,0,0,0,24,34752,14480,11008,43,0,0,0,0.0,0,Benign
56985,28105,6,0.0,4560,18,2456,18,27,27,27,0,0,0,31,32,1172,52,52,1172,4560.0,2456.0,2120,6,1068,6,36480000,19648000,14,18,2,0,2,14480,14480,18432,72,0,0,0,0.0,0,Benign
1089,35009,6,0.0,2438,38,20006,40,27,27,27,0,0,0,31,32,1352,52,52,1352,2438.0,20006.0,539,6,9583,12,19504000,160048000,64,0,0,2,12,23168,14480,6912,27,0,0,0,0.0,0,Benign
43631,21,6,1.0,1251,23,1752,25,24,24,24,0,0,0,31,32,106,52,52,106,1698.0,1994.0,309,5,517,6,8552000,9520000,59,0,0,0,0,15928,14480,13568,53,0,0,0,229.0,0,Benign
41942,6881,6,0.0,13246,230,548216,438,27,27,27,0,0,0,31,32,1500,52,52,1500,13246.0,548216.0,1679,20,272908,196,105968000,90760704,280,0,4,32,352,65160,34752,36608,143,0,0,0,0.0,0,Benign
27946,30437,6,0.0,3614,60,43086,62,27,27,27,0,0,0,31,32,1352,52,52,1352,3614.0,43086.0,555,6,21123,23,28912000,344688000,92,0,0,0,30,39096,14480,11008,43,0,0,0,0.0,0,Benign
32613,22,6,92.0,9608,110,12298,114,27,27,27,0,0,0,31,32,900,52,52,900,9608.0,12298.0,3240,25,4741,30,76864000,98384000,214,0,4,6,0,49232,41992,43008,168,0,0,0,0.0,0,Benign
34069,143,6,4.0,7816,122,14758,126,27,27,27,0,0,0,31,32,1500,52,52,1500,7816.0,14758.0,2240,29,5711,31,62528000,118064000,222,18,6,0,2,50680,47784,49152,192,0,0,0,0.0,0,Benign
9962,21,6,1.0,1817,33,2512,35,24,24,24,0,0,0,31,32,106,52,52,106,2264.0,2754.0,436,7,793,9,10616000,12192000,79,0,0,0,0,20272,17376,46080,180,0,0,0,229.0,0,Benign
39308,42463,6,0.0,3182,52,39694,54,27,27,27,0,0,0,31,32,1352,52,52,1352,3182.0,39694.0,547,6,19427,19,25456000,317552000,76,2,0,0,28,33304,14480,8960,35,0,0,0,0.0,0,Benign
3746,5190,6,0.0,1470,22,1728,14,27,27,27,0,0,0,31,32,510,52,52,510,1470.0,1728.0,367,4,652,3,11760000,13824000,32,2,2,0,0,10136,11584,28416,111,0,0,0,0.0,0,Benign
19416,53,17,0.0,146,2,178,2,0,0,0,0,0,0,31,31,89,73,73,89,146.0,178.0,0,0,0,0,1168000,1424000,4,0,0,0,0,0,0,0,0,61053,1,60,0.0,0,Benign
26116,80,6,7.0,1684,14,10168,18,27,27,27,0,0,0,31,32,1500,52,52,1500,1684.0,10168.0,578,2,4820,4,13472000,81344000,20,0,6,0,6,11584,8688,16896,66,0,0,0,0.0,0,Benign
38937,49954,6,0.0,8928,14,320,6,27,27,19,0,0,0,31,32,1500,52,52,1500,8928.0,320.0,4252,3,0,0,71424000,2560000,14,0,0,0,6,5792,10136,39936,156,0,0,0,0.0,0,Benign
28246,54672,6,0.0,3752,18,2456,18,27,27,27,0,0,0,31,32,768,52,52,768,3752.0,2456.0,1716,6,1068,6,30016000,19648000,14,18,2,2,0,14480,14480,46080,180,0,0,0,0.0,0,Benign
33505,25,6,3.0,37360,52,3276,40,27,27,27,0,0,0,31,32,1500,52,52,1500,37360.0,3276.0,18208,17,958,7,298880000,26208000,64,2,2,0,24,15928,30408,8192,32,0,0,0,0.0,0,Benign
42797,60686,6,0.0,424,8,8824,12,27,19,27,0,0,0,31,32,1500,52,52,1500,424.0,8824.0,0,0,4252,3,3392000,70592000,14,0,0,0,6,10136,5792,0,0,0,0,0,0.0,0,Benign
15225,21,6,1.0,1251,23,1752,25,24,24,24,0,0,0,31,32,106,52,52,106,1698.0,1994.0,309,5,517,6,8552000,9520000,59,0,0,0,0,15928,14480,13568,53,0,0,0,229.0,0,Benign
58126,41018,6,0.0,424,8,8824,12,27,19,27,0,0,0,31,32,1500,52,52,1500,424.0,8824.0,0,0,4252,3,3392000,70592000,14,0,0,0,6,10136,5792,0,0,0,0,0,0.0,0,Benign
11187,21,6,1.0,1031,19,1474,21,24,24,24,4294952,15,15,31,32,106,52,52,106,1478.0,1716.0,251,4,437,5,752000,824000,51,0,0,0,0,14480,13032,64256,251,0,0,0,230.0,0,Benign
46207,29285,17,0.0,528,4,304,4,0,0,0,0,0,0,31,32,148,52,52,148,528.0,304.0,0,0,0,0,4224000,2432000,6,2,0,0,0,0,0,0,0,0,0,0,0.0,0,Benign
13544,12280,6,0.0,4712,28,3080,30,27,27,27,0,0,0,31,32,988,52,52,988,4712.0,3080.0,1936,6,1068,6,37696000,24640000,36,18,2,2,0,14480,14480,36864,144,0,0,0,0.0,0,Benign
36155,39655,6,0.0,528,10,8824,12,27,19,27,0,0,0,31,32,1500,52,52,1500,528.0,8824.0,0,0,4252,3,4224000,70592000,16,0,0,0,6,10136,5792,0,0,0,0,0,0.0,0,Benign
36342,34211,6,0.0,3598,60,49642,62,27,27,27,0,0,0,31,32,1352,52,52,1352,3598.0,49642.0,547,6,24401,23,28784000,397136000,86,0,0,0,36,39096,14480,8960,35,0,0,0,0.0,0,Benign
57075,27746,6,0.0,2542,40,23278,42,27,27,27,0,0,0,31,32,1352,52,52,1352,2542.0,23278.0,539,6,11219,13,20336000,186224000,66,0,0,0,16,24616,14480,6912,27,0,0,0,0.0,0,Benign
27784,20523,6,0.0,4238,72,66846,74,27,27,27,0,0,0,31,32,1378,52,52,1378,4238.0,66846.0,555,6,33003,29,33904000,534768000,98,0,0,0,48,47784,14480,11008,43,0,0,0,0.0,0,Benign
17454,53,17,0.0,130,2,162,2,0,0,0,0,0,0,31,31,81,65,65,81,130.0,162.0,0,0,0,0,1040000,1296000,4,0,0,0,0,0,0,0,0,57739,1,60,0.0,0,Benign
16016,5190,6,0.0,4908,34,2552,28,27,27,27,0,0,0,31,32,1264,52,52,1264,4908.0,2552.0,1982,8,804,5,39264000,20416000,56,0,4,0,2,13032,17376,48640,190,0,0,0,0.0,0,Benign
20492,49914,6,0.0,3718,62,49932,60,27,27,27,0,0,0,31,32,1352,52,52,1352,3718.0,49932.0,555,6,24598,23,29744000,399456000,86,0,0,0,36,39096,14480,11008,43,0,0,0,0.0,0,Benign
58658,143,6,4.0,7810,122,15388,126,27,27,27,0,0,0,31,32,1500,52,52,1500,7810.0,15388.0,2237,29,6026,31,62480000,123104000,222,16,6,2,2,50680,47784,48384,189,0,0,0,0.0,0,Benign
42318,6585,6,0.0,2438,38,16528,38,27,27,27,4294952,15,15,31,32,1352,52,52,1352,2438.0,16528.0,539,6,7844,11,1216000,8264000,64,0,0,2,10,21720,14480,6912,27,0,0,0,0.0,0,Benign
12962,43707,17,0.0,544,4,304,4,0,0,0,0,0,0,31,32,156,52,52,156,544.0,304.0,0,0,0,0,4352000,2432000,6,2,0,0,0,0,0,0,0,0,0,0,0.0,0,Benign
56398,21,6,1.0,2383,43,3234,45,24,24,24,0,0,0,31,32,106,52,52,106,2830.0,3476.0,563,9,1068,12,12760000,14984000,99,0,0,0,0,24616,20272,13056,51,0,0,0,221.0,0,Benign
25949,54698,6,0.0,2958,48,31784,50,27,27,27,0,0,0,31,32,1352,52,52,1352,2958.0,31784.0,539,6,15472,17,23664000,254272000,76,0,0,0,22,30408,14480,6912,27,0,0,0,0.0,0,Benign
12546,5190,6,0.0,1920,22,4312,24,27,27,27,0,0,0,31,32,1097,52,52,1097,1920.0,4312.0,644,5,1788,5,15360000,34496000,40,0,4,0,2,13032,13032,33792,132,0,0,0,0.0,0,Benign
6885,25,6,3.0,37390,52,3276,40,27,27,27,0,0,0,31,32,1500,52,52,1500,37390.0,3276.0,18223,17,958,7,299120000,26208000,64,2,2,0,24,15928,30408,12032,47,0,0,0,0.0,0,Benign
64292,22,6,92.0,14512,100,17342,104,27,27,27,0,0,0,31,32,1028,52,52,1028,14512.0,17342.0,5744,21,7575,31,116096000,138736000,162,16,6,18,2,50680,36200,28672,112,0,0,0,0.0,0,Benign
25841,22919,6,0.0,2750,44,28874,46,27,27,27,0,0,0,31,32,1379,52,52,1379,2750.0,28874.0,539,6,14017,15,22000000,230992000,70,0,0,0,20,27512,14480,6912,27,0,0,0,0.0,0,Benign
64186,111,17,0.0,568,4,320,4,0,0,0,0,0,0,31,32,142,80,80,142,568.0,320.0,0,0,0,0,4544000,2560000,4,4,0,0,0,0,0,0,0,0,0,0,0.0,0,Benign
49920,80,6,7.0,18162,340,1087900,746,27,27,27,4294936,31,31,31,32,1500,52,52,1500,18162.0,1087900.0,289,1,543738,369,4536000,271968000,346,0,20,0,720,65160,7240,8448,33,0,0,0,0.0,0,Benign
17648,21,6,1.0,1031,19,1474,21,24,24,24,0,0,0,31,32,106,52,52,106,1478.0,1716.0,251,4,437,5,7544000,8240000,51,0,0,0,0,14480,13032,64256,251,0,0,0,230.0,0,Benign
33423,21,6,1.0,701,13,1052,15,24,24,24,0,0,0,31,32,106,52,52,106,1148.0,1294.0,190,3,265,3,6480000,6856000,39,0,0,0,0,11584,11584,48640,190,0,0,0,125.0,0,Benign
20114,111,6,0.0,552,10,336,8,19,19,19,0,0,0,254,255,100,40,40,100,552.0,336.0,100,1,0,0,4416000,2688000,18,0,0,0,0,16383,16383,25600,100,0,0,0,0.0,1,Reconnaissance
50872,6881,6,0.0,35170,632,1510488,1176,27,27,27,4294952,15,15,31,32,1500,52,52,1500,35170.0,1510488.0,3749,50,752484,535,17584000,755240000,744,0,4,88,972,65160,65160,42240,165,0,0,0,0.0,0,Benign
32340,57291,6,0.0,4550,78,72810,80,27,27,27,0,0,0,31,32,1352,52,52,1352,4550.0,72810.0,555,6,35985,32,36400000,582480000,104,0,0,6,48,52128,14480,11008,43,0,0,0,0.0,0,Benign
64490,5190,6,0.0,2048,24,2410,26,27,27,27,0,0,0,31,32,485,52,52,485,2048.0,2410.0,656,5,837,6,16384000,19280000,46,0,4,0,0,14480,13032,36864,144,0,0,0,0.0,0,Benign
64547,38182,6,0.0,320,6,1932,8,27,19,27,0,0,0,31,32,806,52,52,806,320.0,1932.0,0,0,806,1,2560000,15456000,12,0,0,2,0,7240,5792,0,0,0,0,0,0.0,0,Benign
4748,80,6,7.0,1684,14,10168,18,27,27,27,4294952,15,15,31,32,1500,52,52,1500,1684.0,10168.0,578,2,4820,4,840000,5080000,20,0,6,0,6,11584,8688,16896,66,0,0,0,0.0,0,Benign
56501,21,6,1.0,1251,23,1752,25,24,24,24,0,0,0,31,32,106,52,52,106,1698.0,1994.0,309,5,517,6,8552000,9520000,59,0,0,0,0,15928,14480,13568,53,0,0,0,229.0,0,Benign
20957,5190,6,0.0,1036,12,2366,14,27,27,27,0,0,0,31,32,829,52,52,829,1036.0,2366.0,358,3,971,3,8288000,18928000,22,2,0,2,0,10136,10136,26112,102,0,0,0,0.0,0,Benign
25668,61083,6,0.0,424,8,8824,12,27,19,27,4294952,15,15,31,32,1500,52,52,1500,424.0,8824.0,0,0,4252,3,208000,4408000,14,0,0,0,6,10136,5792,0,0,0,0,0,0.0,0,Benign
21408,19316,6,0.0,4238,72,61150,74,27,27,27,0,0,0,31,32,1352,52,52,1352,4238.0,61150.0,555,6,30155,29,33904000,489200000,96,2,6,0,42,47784,14480,11008,43,0,0,0,0.0,0,Benign
16164,35394,6,0.0,4862,84,82782,86,27,27,27,0,0,0,31,32,1352,52,52,1352,4862.0,82782.0,555,6,40971,35,38896000,662256000,110,0,0,0,60,56472,14480,11008,43,0,0,0,0.0,0,Benign
36992,53,17,0.0,130,2,162,2,0,0,0,0,0,0,31,31,81,65,65,81,130.0,162.0,0,0,0,0,1040000,1296000,4,0,0,0,0,0,0,0,0,13605,1,60,0.0,0,Benign
61554,59613,6,0.0,2646,42,24570,44,27,27,27,0,0,0,31,32,1352,52,52,1352,2646.0,24570.0,539,6,11865,14,21168000,196560000,68,0,0,2,16,26064,14480,6912,27,0,0,0,0.0,0,Benign
27598,6881,6,0.0,1540,16,1644,18,27,27,27,0,0,0,31,32,329,52,52,329,1540.0,1644.0,506,3,506,3,12320000,13152000,30,0,4,0,0,10136,10136,64000,250,0,0,0,0.0,0,Benign
39969,6763,17,0.0,528,4,304,4,0,0,0,0,0,0,31,32,148,52,52,148,528.0,304.0,0,0,0,0,4224000,2432000,6,2,0,0,0,0,0,0,0,0,0,0,0.0,0,Benign
59217,80,6,7.0,1580,12,10168,18,27,27,27,4294951,16,16,31,32,1500,52,52,1500,1580.0,10168.0,578,2,4820,4,736000,4784000,18,0,6,0,6,11584,8688,16896,66,0,0,0,0.0,0,Benign
33430,50899,6,0.0,4862,84,79236,86,27,27,27,0,0,0,31,32,1352,52,52,1352,4862.0,79236.0,555,6,39198,35,38896000,633888000,110,0,0,6,54,56472,14480,11008,43,0,0,0,0.0,0,Benign
57397,2869,6,0.0,8928,14,424,8,27,27,19,0,0,0,31,32,1500,52,52,1500,8928.0,424.0,4252,3,0,0,71424000,3392000,16,0,0,0,6,5792,10136,39936,156,0,0,0,0.0,0,Benign
41344,80,6,7.0,1684,14,10168,18,27,27,27,0,0,0,31,32,1500,52,52,1500,1684.0,10168.0,578,2,4820,4,13472000,81344000,20,0,6,0,6,11584,8688,16896,66,0,0,0,0.0,0,Benign
57320,5190,6,0.0,2048,24,2410,26,27,27,27,0,0,0,31,32,485,52,52,485,2048.0,2410.0,656,5,837,6,16384000,19280000,46,0,4,0,0,14480,13032,36864,144,0,0,0,0.0,0,Benign
46207,80,6,7.0,1580,12,10168,18,27,27,27,0,0,0,31,32,1500,52,52,1500,1580.0,10168.0,578,2,4820,4,12640000,81344000,18,0,6,0,6,11584,8688,16896,66,0,0,0,0.0,0,Benign
23903,21,6,1.0,2487,45,3500,50,25,25,25,0,0,0,31,32,106,52,52,106,2934.0,3742.0,563,9,1126,13,13736000,16336000,106,0,0,0,0,26064,20272,13056,51,0,0,0,0.0,0,Benign
54421,24767,6,0.0,5174,90,89856,92,27,27,27,0,0,0,31,32,1352,52,52,1352,5174.0,89856.0,555,6,44508,38,41392000,718848000,114,2,0,0,66,60816,14480,11008,43,0,0,0,0.0,0,Benign
9158,25,6,3.0,37892,54,3276,40,27,27,27,0,0,0,31,32,1500,52,52,1500,37892.0,3276.0,18474,18,958,7,303136000,26208000,66,2,2,0,24,15928,31856,10752,42,0,0,0,0.0,0,Benign
19100,80,6,7.0,1580,12,10168,18,27,27,27,0,0,0,31,32,1500,52,52,1500,1580.0,10168.0,578,2,4820,4,12640000,81344000,18,0,6,0,6,10136,8688,16896,66,0,0,0,0.0,0,Benign
62702,17722,6,0.0,3302,54,37902,58,27,27,27,0,0,0,31,32,1352,52,52,1352,3302.0,37902.0,555,6,18479,20,26416000,303216000,82,0,0,6,24,34752,14480,11008,43,0,0,0,0.0,0,Benign
62674,6881,6,0.0,1540,16,1644,18,27,27,27,0,0,0,31,32,329,52,52,329,1540.0,1644.0,506,3,506,3,12320000,13152000,30,0,4,0,0,10136,10136,64000,250,0,0,0,0.0,0,Benign
25582,6881,6,0.0,13246,230,548216,438,27,27,27,0,0,0,31,32,1500,52,52,1500,13246.0,548216.0,1679,20,272908,196,105968000,90760704,280,0,4,32,352,65160,34752,36608,143,0,0,0,0.0,0,Benign
46996,6881,6,0.0,13246,230,548216,438,27,27,27,0,0,0,31,32,1500,52,52,1500,13246.0,548216.0,1679,20,272908,196,105968000,90760704,280,0,4,32,352,65160,34752,36608,143,0,0,0,0.0,0,Benign
36235,80,6,7.0,1580,12,10168,18,27,27,27,4294951,16,16,31,32,1500,52,52,1500,1580.0,10168.0,578,2,4820,4,736000,4784000,18,0,6,0,6,11584,8688,16896,66,0,0,0,0.0,0,Benign
43465,5190,6,0.0,1920,22,4312,24,27,27,27,0,0,0,31,32,1097,52,52,1097,1920.0,4312.0,644,5,1788,5,15360000,34496000,40,0,4,0,2,13032,13032,33792,132,0,0,0,0.0,0,Benign
6014,53,17,0.0,130,2,162,2,0,0,0,0,0,0,31,31,81,65,65,81,130.0,162.0,0,0,0,0,1040000,1296000,4,0,0,0,0,0,0,0,0,45787,1,60,0.0,0,Benign
64263,21,6,1.0,1493,27,2056,29,24,24,24,4294952,15,15,31,32,106,52,52,106,1940.0,2298.0,378,6,611,7,992000,1120000,67,0,0,0,0,17376,15928,31232,122,0,0,0,125.0,0,Benign
58606,135,6,0.0,576,10,256,6,19,19,19,0,0,0,254,255,112,40,40,112,576.0,256.0,112,1,0,0,4608000,2048000,16,0,0,0,0,16383,16383,28672,112,0,0,0,0.0,1,Fuzzers
62185,60157,6,0.0,2974,48,30814,50,27,27,27,0,0,0,31,32,1352,52,52,1352,2974.0,30814.0,547,6,14987,17,23792000,246512000,74,0,4,0,20,30408,14480,8960,35,0,0,0,0.0,0,Benign
61411,24246,6,0.0,3944,18,2456,18,27,27,27,0,0,0,31,32,864,52,52,864,3944.0,2456.0,1812,6,1068,6,31552000,19648000,14,18,2,2,0,14480,14480,5120,20,0,0,0,0.0,0,Benign
14298,80,6,7.0,1040,8,822,10,27,27,27,0,0,0,31,32,360,52,52,360,1040.0,822.0,360,1,199,1,8320000,6576000,14,2,2,0,0,7240,7240,26624,104,0,0,0,0.0,0,Benign
24949,7342,6,0.0,320,6,1834,8,27,19,27,0,0,0,31,32,757,52,52,757,320.0,1834.0,0,0,757,1,2560000,14672000,12,0,0,2,0,7240,5792,0,0,0,0,0,0.0,0,Benign
63258,6881,6,0.0,1540,16,1644,18,27,27,27,0,0,0,31,32,329,52,52,329,1540.0,1644.0,506,3,506,3,12320000,13152000,30,0,4,0,0,10136,10136,64000,250,0,0,0,0.0,0,Benign
11422,21,6,1.0,2487,45,3500,50,25,25,25,4294951,16,16,31,32,106,52,52,106,2934.0,3742.0,563,9,1126,13,1080000,1152000,106,0,0,0,0,26064,20272,13056,51,0,0,0,0.0,0,Benign
8113,43902,6,0.0,3926,66,57474,68,27,27,27,0,0,0,31,32,1352,52,52,1352,3926.0,57474.0,555,6,28317,26,31408000,459792000,92,0,0,0,42,43440,14480,11008,43,0,0,0,0.0,0,Benign
40916,5190,6,0.0,2048,24,2410,26,27,27,27,0,0,0,31,32,485,52,52,485,2048.0,2410.0,656,5,837,6,16384000,19280000,46,0,4,0,0,14480,13032,36864,144,0,0,0,0.0,0,Benign
49167,21,6,1.0,1031,19,1474,21,24,24,24,0,0,0,31,32,106,52,52,106,1478.0,1716.0,251,4,437,5,7544000,8240000,51,0,0,0,0,14480,13032,64256,251,0,0,0,230.0,0,Benign
58002,25,6,3.0,37264,52,3380,42,27,27,27,0,0,0,31,32,1500,52,52,1500,37264.0,3380.0,18160,17,958,7,298112000,27040000,66,2,2,0,24,15928,30408,61440,240,0,0,0,0.0,0,Benign
18169,80,6,7.0,1684,14,10168,18,27,27,27,0,0,0,31,32,1500,52,52,1500,1684.0,10168.0,578,2,4820,4,13472000,81344000,20,0,6,0,6,11584,8688,16896,66,0,0,0,0.0,0,Benign
65286,21,6,1.0,9,1,193,3,24,24,16,0,0,0,31,32,89,52,52,89,456.0,435.0,0,0,0,0,3648000,3480000,15,0,0,0,0,0,7240,0,0,0,0,0,331.0,0,Benign
63138,21,6,1.0,1493,27,2056,29,24,24,24,4294951,16,16,31,32,106,52,52,106,1940.0,2298.0,378,6,611,7,648000,728000,67,0,0,0,0,17376,15928,31232,122,0,0,0,125.0,0,Benign
16977,111,17,0.0,568,4,304,4,0,0,0,0,0,0,31,32,142,76,76,142,568.0,304.0,0,0,0,0,4544000,2432000,4,4,0,0,0,0,0,0,0,0,0,0,0.0,0,Benign
50725,21,6,1.0,9,1,193,3,24,24,16,0,0,0,31,32,89,52,52,89,456.0,435.0,0,0,0,0,3648000,3480000,15,0,0,0,0,0,7240,0,0,0,0,0,331.0,0,Benign
15591,23754,6,0.0,424,8,8824,12,27,19,27,0,0,0,31,32,1500,52,52,1500,424.0,8824.0,0,0,4252,3,3392000,70592000,14,0,0,0,6,10136,5792,0,0,0,0,0,0.0,0,Benign
33248,46967,6,0.0,8928,14,320,6,27,27,19,0,0,0,31,32,1500,52,52,1500,8928.0,320.0,4252,3,0,0,71424000,2560000,14,0,0,0,6,5792,10136,39936,156,0,0,0,0.0,0,Benign
15862,5190,6,0.0,3314,44,27448,44,27,27,27,0,0,0,31,32,1412,52,52,1412,3314.0,27448.0,925,8,13252,13,26512000,219584000,66,0,4,0,18,24616,17376,40192,157,0,0,0,0.0,0,Benign
29048,28967,6,0.0,4550,78,73698,80,27,27,27,0,0,0,31,32,1352,52,52,1352,4550.0,73698.0,555,6,36429,32,36400000,589584000,104,0,0,0,54,52128,14480,11008,43,0,0,0,0.0,0,Benign
15088,13159,6,0.0,3406,56,35742,56,27,27,27,0,0,0,31,32,1352,52,52,1352,3406.0,35742.0,555,6,17451,20,27248000,285936000,82,6,0,0,24,34752,14480,11008,43,0,0,0,0.0,0,Benign
35305,21,6,1.0,701,13,1052,15,24,24,24,0,0,0,31,32,106,52,52,106,1148.0,1294.0,190,3,265,3,6480000,6856000,39,0,0,0,0,11584,11584,48640,190,0,0,0,125.0,0,Benign
3048,3295,6,0.0,2438,38,19422,40,27,27,27,0,0,0,31,32,1352,52,52,1352,2438.0,19422.0,539,6,9291,12,19504000,155376000,64,0,0,2,12,23168,14480,6912,27,0,0,0,0.0,0,Benign
32536,5190,6,0.0,1064,12,2260,12,27,27,27,0,0,0,31,32,828,52,52,828,1064.0,2260.0,372,3,970,3,8512000,18080000,20,2,0,2,0,10136,10136,29696,116,0,0,0,0.0,0,Benign
2141,21,6,1.0,1817,33,2510,35,24,24,24,0,0,0,31,32,106,52,52,106,2264.0,2752.0,436,7,792,9,10616000,12184000,79,0,0,0,0,20272,17376,46080,180,0,0,0,229.0,0,Benign
55786,21,6,1.0,1817,33,2508,35,24,24,24,0,0,0,31,32,106,52,52,106,2264.0,2750.0,436,7,791,9,10616000,12176000,79,0,0,0,0,20272,17376,46080,180,0,0,0,229.0,0,Benign
60717,61496,6,0.0,4104,22,2768,24,27,27,27,0,0,0,31,32,840,52,52,840,4104.0,2768.0,1788,6,1068,6,32832000,22144000,24,18,2,2,0,14480,14480,64512,252,0,0,0,0.0,0,Benign
44517,80,6,7.0,1056,8,824,10,27,27,27,0,0,0,31,32,368,52,52,368,1056.0,824.0,368,1,200,1,8448000,6592000,14,2,2,0,0,7240,7240,28672,112,0,0,0,0.0,0,Benign
53915,21,6,1.0,1031,19,1474,21,24,24,24,0,0,0,31,32,106,52,52,106,1478.0,1716.0,251,4,437,5,7544000,8240000,51,0,0,0,0,14480,13032,64256,251,0,0,0,230.0,0,Benign
51231,3952,6,0.0,320,6,1846,8,27,19,27,0,0,0,31,32,763,52,52,763,320.0,1846.0,0,0,763,1,2560000,14768000,12,0,0,2,0,7240,5792,0,0,0,0,0,0.0,0,Benign
17588,21,6,1.0,701,13,1054,15,24,24,24,0,0,0,31,32,106,52,52,106,1148.0,1296.0,190,3,266,3,6480000,6864000,39,0,0,0,0,11584,11584,48640,190,0,0,0,125.0,0,Benign
26223,21,6,1.0,9,1,193,3,24,24,16,0,0,0,31,32,89,52,52,89,456.0,435.0,0,0,0,0,3648000,3480000,15,0,0,0,0,0,7240,0,0,0,0,0,331.0,0,Benign
36017,53,17,0.0,132,2,164,2,0,0,0,0,0,0,31,31,82,66,66,82,132.0,164.0,0,0,0,0,1056000,1312000,4,0,0,0,0,0,0,0,0,10516,1,60,0.0,0,Benign
46376,24616,17,0.0,536,4,304,4,0,0,0,0,0,0,31,32,152,52,52,152,536.0,304.0,0,0,0,0,4288000,2432000,6,2,0,0,0,0,0,0,0,0,0,0,0.0,0,Benign
15955,13918,6,0.0,2958,48,31992,50,27,27,27,0,0,0,31,32,1352,52,52,1352,2958.0,31992.0,539,6,15576,17,23664000,255936000,74,2,0,0,22,30408,14480,6912,27,0,0,0,0.0,0,Benign
41708,21,6,1.0,481,9,750,11,24,24,24,0,0,0,31,32,94,52,52,94,928.0,992.0,132,2,172,2,5576000,5696000,31,0,0,0,0,10136,10136,33792,132,0,0,0,229.0,0,Benign
2720,80,6,7.0,1684,14,10168,18,27,27,27,0,0,0,31,32,1500,52,52,1500,1684.0,10168.0,578,2,4820,4,13472000,81344000,20,0,6,0,6,11584,8688,16896,66,0,0,0,0.0,0,Benign
20825,25,6,3.0,37460,52,3380,42,27,27,27,0,0,0,31,32,1500,52,52,1500,37460.0,3380.0,18258,17,958,7,299680000,27040000,66,2,2,0,24,15928,30408,20992,82,0,0,0,0.0,0,Benign
31442,29810,6,0.0,4304,18,2456,18,27,27,27,0,0,0,31,32,1044,52,52,1044,4304.0,2456.0,1992,6,1068,6,34432000,19648000,14,18,2,0,2,14480,14480,51200,200,0,0,0,0.0,0,Benign
9861,38707,6,0.0,2542,40,23354,42,27,27,27,0,0,0,31,32,1352,52,52,1352,2542.0,23354.0,539,6,11257,13,20336000,186832000,66,0,0,0,16,24616,14480,6912,27,0,0,0,0.0,0,Benign
50555,51157,6,0.0,8928,14,320,6,27,27,19,4294951,16,16,31,32,1500,52,52,1500,8928.0,320.0,4252,3,0,0,4200000,144000,14,0,0,0,6,5792,10136,39936,156,0,0,0,0.0,0,Benign
19634,21,6,1.0,1031,19,1474,21,24,24,24,0,0,0,31,32,106,52,52,106,1478.0,1716.0,251,4,437,5,7544000,8240000,51,0,0,0,0,14480,13032,64256,251,0,0,0,230.0,0,Benign
53,60986,17,0.0,83,1,0,0,0,0,0,0,0,0,0,0,83,83,0,83,83.0,0.0,0,0,0,0,664000,0,1,0,0,0,0,0,0,0,0,3420,1,851973,0.0,0,Benign
2995,514,17,17.0,224,2,0,0,0,0,0,0,0,0,254,254,112,112,0,112,224.0,0.0,0,0,0,0,1792000,0,2,0,0,0,0,0,0,0,0,0,0,0,0.0,1,Fuzzers
23681,22,6,92.0,5928,62,8114,60,27,27,27,0,0,0,31,32,900,52,52,900,5928.0,8114.0,2024,13,3325,16,47424000,64912000,110,2,4,6,0,28960,24616,59392,232,0,0,0,0.0,0,Benign
49721,21,6,1.0,1251,23,1749,25,24,24,24,0,0,0,31,32,106,52,52,106,1698.0,1991.0,309,5,516,6,8552000,9512000,59,0,0,0,0,15928,14480,13568,53,0,0,0,229.0,0,Benign
39120,22,6,92.0,26040,330,49578,354,27,27,27,4294951,16,16,31,32,900,52,52,900,26040.0,49578.0,8440,77,20885,102,12248000,23328000,618,22,10,34,0,65160,65160,63488,248,0,0,0,0.0,0,Benign
39681,21,6,1.0,1031,19,1474,21,24,24,24,0,0,0,31,32,106,52,52,106,1478.0,1716.0,251,4,437,5,7544000,8240000,51,0,0,0,0,14480,13032,64256,251,0,0,0,230.0,0,Benign
39266,7430,6,0.0,4862,84,79236,86,27,27,27,0,0,0,31,32,1352,52,52,1352,4862.0,79236.0,555,6,39198,35,38896000,633888000,110,0,0,6,54,56472,14480,11008,43,0,0,0,0.0,0,Benign
25666,22,6,92.0,24240,228,29348,234,27,27,27,0,0,0,31,32,1284,52,52,1284,24240.0,29348.0,8944,53,12018,66,193920000,234784000,422,14,6,18,2,65160,65160,61440,240,0,0,0,0.0,0,Benign
44000,53,17,0.0,130,2,162,2,0,0,0,0,0,0,31,31,81,65,65,81,130.0,162.0,0,0,0,0,1040000,1296000,4,0,0,0,0,0,0,0,0,3653,1,60,0.0,0,Benign
32621,30780,6,0.0,2766,44,27384,46,27,27,27,0,0,0,31,32,1352,52,52,1352,2766.0,27384.0,547,6,13272,15,22128000,219072000,70,0,0,4,16,27512,14480,8960,35,0,0,0,0.0,0,Benign
18674,21,6,1.0,261,5,469,7,24,24,24,0,0,0,31,32,89,52,52,89,708.0,711.0,74,1,89,1,4656000,4584000,23,0,0,0,0,8688,8688,18944,74,0,0,0,230.0,0,Benign
15166,13838,6,0.0,3808,18,2456,18,27,27,27,0,0,0,31,32,796,52,52,796,3808.0,2456.0,1744,6,1068,6,30464000,19648000,14,18,2,2,0,14480,14480,53248,208,0,0,0,0.0,0,Benign
44444,21,6,1.0,1031,19,1474,21,24,24,24,0,0,0,31,32,106,52,52,106,1478.0,1716.0,251,4,437,5,7544000,8240000,51,0,0,0,0,14480,13032,64256,251,0,0,0,230.0,0,Benign
64940,62848,6,0.0,2334,36,17466,38,27,27,27,0,0,0,31,32,1352,52,52,1352,2334.0,17466.0,539,6,8313,11,18672000,139728000,62,0,0,0,12,21720,14480,6912,27,0,0,0,0.0,0,Benign
14443,53627,6,0.0,3614,60,43716,62,27,27,27,0,0,0,31,32,1352,52,52,1352,3614.0,43716.0,555,6,21438,23,28912000,349728000,86,6,0,0,30,39096,14480,11008,43,0,0,0,0.0,0,Benign
15287,21,6,1.0,1817,33,2512,35,24,24,24,0,0,0,31,32,106,52,52,106,2264.0,2754.0,436,7,793,9,10616000,12192000,79,0,0,0,0,20272,17376,46080,180,0,0,0,229.0,0,Benign
21845,111,17,0.0,568,4,312,4,0,0,0,0,0,0,31,32,142,76,76,142,568.0,312.0,0,0,0,0,4544000,2496000,4,4,0,0,0,0,0,0,0,0,0,0,0.0,0,Benign
2263,21,6,1.0,309,7,556,7,24,24,16,4294952,15,15,62,63,108,47,47,108,604.0,848.0,150,3,232,3,768000,592000,23,0,0,0,0,16383,16383,38400,150,0,0,0,227.0,1,Exploits
52062,25,6,3.0,37218,52,3380,42,27,27,27,4294951,16,16,31,32,1500,52,52,1500,37218.0,3380.0,18137,17,958,7,17512000,1584000,66,2,2,0,24,15928,30408,55552,217,0,0,0,0.0,0,Benign
43908,49896,6,0.0,3718,62,48932,60,27,27,27,0,0,0,31,32,1352,52,52,1352,3718.0,48932.0,555,6,24098,23,29744000,391456000,86,0,0,0,36,39096,14480,11008,43,0,0,0,0.0,0,Benign
37607,39239,17,0.0,544,4,304,4,0,0,0,0,0,0,31,32,156,52,52,156,544.0,304.0,0,0,0,0,4352000,2432000,6,2,0,0,0,0,0,0,0,0,0,0,0.0,0,Benign
28817,21,6,1.0,2487,45,3500,50,25,25,25,4294951,16,16,31,32,106,52,52,106,2934.0,3742.0,563,9,1126,13,880000,1048000,106,0,0,0,0,26064,20272,13056,51,0,0,0,0.0,0,Benign
39996,21,6,1.0,1493,27,2056,29,24,24,24,0,0,0,31,32,106,52,52,106,1940.0,2298.0,378,6,611,7,9544000,10784000,67,0,0,0,0,17376,15928,31232,122,0,0,0,125.0,0,Benign
57795,55775,6,0.0,3182,52,38766,54,27,27,27,0,0,0,31,32,1352,52,52,1352,3182.0,38766.0,547,6,18963,19,25456000,310128000,78,0,0,0,28,33304,14480,8960,35,0,0,0,0.0,0,Benign
47556,21,6,1.0,9,1,193,3,24,24,16,0,0,0,31,32,89,52,52,89,456.0,435.0,0,0,0,0,3648000,3480000,15,0,0,0,0,0,7240,0,0,0,0,0,331.0,0,Benign
38522,7180,6,0.0,3302,54,35400,56,27,27,27,0,0,0,31,32,1352,52,52,1352,3302.0,35400.0,555,6,17280,20,26416000,283200000,80,6,0,0,24,34752,14480,11008,43,0,0,0,0.0,0,Benign
61631,5190,6,0.0,2166,26,2424,26,27,27,27,0,0,0,31,32,485,52,52,485,2166.0,2424.0,663,5,844,6,17328000,19392000,48,0,4,0,0,14480,13032,38656,151,0,0,0,0.0,0,Benign
63676,15447,6,0.0,3390,56,41676,58,27,27,27,0,0,0,31,32,1352,52,52,1352,3390.0,41676.0,547,6,20418,21,27120000,333408000,82,0,4,0,28,36200,14480,8960,35,0,0,0,0.0,0,Benign
7890,21,6,1.0,1493,27,2054,29,24,24,24,0,0,0,31,32,106,52,52,106,1940.0,2296.0,378,6,610,7,9544000,10784000,67,0,0,0,0,17376,15928,31232,122,0,0,0,125.0,0,Benign
64437,16401,6,0.0,4862,84,79236,86,27,27,27,0,0,0,31,32,1352,52,52,1352,4862.0,79236.0,555,6,39198,35,38896000,633888000,110,0,0,6,54,56472,14480,11008,43,0,0,0,0.0,0,Benign
63771,21,6,1.0,1031,19,1474,21,24,24,24,0,0,0,31,32,106,52,52,106,1478.0,1716.0,251,4,437,5,7544000,8240000,51,0,0,0,0,14480,13032,64256,251,0,0,0,230.0,0,Benign
46932,21,6,1.0,261,5,469,7,24,24,24,0,0,0,31,32,89,52,52,89,708.0,711.0,74,1,89,1,4656000,4584000,23,0,0,0,0,8688,8688,18944,74,0,0,0,230.0,0,Benign
16271,14217,6,0.0,2230,34,13586,36,27,27,27,0,0,0,31,32,1352,52,52,1352,2230.0,13586.0,539,6,6373,10,17840000,108688000,60,0,2,0,8,20272,14480,6912,27,0,0,0,0.0,0,Benign
52020,50440,6,0.0,4238,72,63348,74,27,27,27,0,0,0,31,32,1352,52,52,1352,4238.0,63348.0,555,6,31254,29,33904000,506784000,98,0,0,6,42,47784,14480,11008,43,0,0,0,0.0,0,Benign
18931,6881,6,0.0,1540,16,1644,18,27,27,27,0,0,0,31,32,329,52,52,329,1540.0,1644.0,506,3,506,3,12320000,13152000,30,0,4,0,0,10136,10136,64000,250,0,0,0,0.0,0,Benign
27575,55416,17,0.0,536,4,304,4,0,0,0,0,0,0,31,32,152,52,52,152,536.0,304.0,0,0,0,0,4288000,2432000,6,2,0,0,0,0,0,0,0,0,0,0,0.0,0,Benign
47800,21,6,1.0,2383,43,3234,45,24,24,24,4294951,16,16,31,32,106,52,52,106,2830.0,3476.0,563,9,1068,12,4904000,5760000,99,0,0,0,0,24616,20272,13056,51,0,0,0,221.0,0,Benign
53290,22,6,92.0,3728,32,5474,24,27,27,27,0,0,0,31,32,900,52,52,900,3728.0,5474.0,1340,6,2421,6,29824000,43792000,42,4,4,6,0,14480,14480,15360,60,0,0,0,0.0,0,Benign
47750,21,6,1.0,1817,33,2512,35,24,24,24,0,0,0,31,32,106,52,52,106,2264.0,2754.0,436,7,793,9,10616000,12192000,79,0,0,0,0,20272,17376,46080,180,0,0,0,229.0,0,Benign
64703,15796,17,0.0,512,4,304,4,0,0,0,0,0,0,31,32,140,52,52,140,512.0,304.0,0,0,0,0,4096000,2432000,6,2,0,0,0,0,0,0,0,0,0,0,0.0,0,Benign
47794,5190,6,0.0,1272,16,2572,18,27,27,27,0,0,0,31,32,828,52,52,828,1272.0,2572.0,372,3,970,3,10176000,20576000,30,2,0,2,0,10136,10136,29696,116,0,0,0,0.0,0,Benign
48107,42130,6,0.0,424,8,8824,12,27,19,27,0,0,0,31,32,1500,52,52,1500,424.0,8824.0,0,0,4252,3,3392000,70592000,14,0,0,0,6,10136,5792,0,0,0,0,0,0.0,0,Benign
23277,21,6,1.0,9,1,193,3,24,24,16,0,0,0,31,32,89,52,52,89,456.0,435.0,0,0,0,0,3648000,3480000,15,0,0,0,0,0,7240,0,0,0,0,0,331.0,0,Benign
3971,21,6,1.0,2487,45,3498,50,25,25,25,0,0,0,31,32,106,52,52,106,2934.0,3740.0,563,9,1125,13,13736000,16328000,106,0,0,0,0,26064,20272,13056,51,0,0,0,0.0,0,Benign
4075,80,6,7.0,1296,10,256,6,19,19,19,0,0,0,254,255,472,40,40,472,1296.0,256.0,472,1,0,0,10368000,2048000,14,0,2,0,0,16383,16383,55296,216,0,0,0,0.0,1,Worms
43046,45895,6,0.0,2854,46,31458,48,27,27,27,0,0,0,31,32,1352,52,52,1352,2854.0,31458.0,539,6,15309,16,22832000,251664000,72,0,0,0,22,28960,14480,6912,27,0,0,0,0.0,0,Benign
44401,80,6,7.0,1098,12,10064,16,27,27,27,0,0,0,31,32,1500,52,52,1500,1098.0,10064.0,285,1,4820,4,8784000,80512000,18,0,4,0,6,11584,8688,7424,29,0,0,0,0.0,0,Benign
19995,22,6,92.0,9400,106,12402,116,27,27,27,0,0,0,31,32,900,52,52,900,9400.0,12402.0,3240,25,4741,30,75200000,99216000,212,0,4,6,0,49232,41992,43008,168,0,0,0,0.0,0,Benign
13842,5190,6,0.0,32962,252,49470,250,27,27,27,0,0,0,31,32,1412,52,52,1412,32962.0,49470.0,13409,67,21819,69,263696000,395760000,364,54,46,22,16,65160,65160,24832,97,0,0,0,0.0,0,Benign
55056,111,17,0.0,168,2,0,0,0,0,0,0,0,0,254,254,84,84,0,84,168.0,0.0,0,0,0,0,1344000,0,2,0,0,0,0,0,0,0,0,0,0,0,0.0,1,Reconnaissance
45602,5794,6,0.0,3390,56,41686,58,27,27,27,0,0,0,31,32,1352,52,52,1352,3390.0,41686.0,547,6,20423,21,27120000,333488000,82,0,0,4,28,36200,14480,8960,35,0,0,0,0.0,0,Benign
50909,24288,6,0.0,320,6,1868,8,27,19,27,0,0,0,31,32,774,52,52,774,320.0,1868.0,0,0,774,1,2560000,14944000,12,0,0,2,0,7240,5792,0,0,0,0,0,0.0,0,Benign
37018,21,6,1.0,481,9,750,11,24,24,24,0,0,0,31,32,94,52,52,94,928.0,992.0,132,2,172,2,5576000,5696000,31,0,0,0,0,10136,10136,33792,132,0,0,0,229.0,0,Benign
47950,21,6,1.0,9,1,108,1,24,24,0,0,0,0,62,63,108,48,48,108,304.0,412.0,0,0,0,0,2432000,3296000,11,0,0,0,0,0,16383,0,0,0,0,0,331.0,1,Exploits
5774,111,17,0.0,568,4,312,4,0,0,0,0,0,0,31,32,142,76,76,142,568.0,312.0,0,0,0,0,4544000,2496000,4,4,0,0,0,0,0,0,0,0,0,0,0.0,0,Benign
7167,9819,6,0.0,2334,36,16446,38,27,27,27,0,0,0,31,32,1352,52,52,1352,2334.0,16446.0,539,6,7803,11,18672000,131568000,62,0,0,2,10,21720,14480,6912,27,0,0,0,0.0,0,Benign
8066,41178,6,0.0,2766,44,28048,46,27,27,27,0,0,0,31,32,1352,52,52,1352,2766.0,28048.0,547,6,13604,15,22128000,224384000,70,0,0,0,20,27512,14480,8960,35,0,0,0,0.0,0,Benign
19842,143,6,4.0,7814,122,15116,126,27,27,27,0,0,0,31,32,1500,52,52,1500,7814.0,15116.0,2239,29,5890,31,62512000,120928000,222,18,4,2,2,50680,47784,48896,191,0,0,0,0.0,0,Benign
12442,5190,6,0.0,2054,22,2478,24,27,27,27,0,0,0,31,32,433,52,52,433,2054.0,2478.0,711,5,871,5,16432000,19824000,38,4,4,0,0,13032,13032,50944,199,0,0,0,0.0,0,Benign
3250,33413,6,0.0,2438,38,19422,40,27,27,27,0,0,0,31,32,1352,52,52,1352,2438.0,19422.0,539,6,9291,12,19504000,155376000,64,0,0,2,12,23168,14480,6912,27,0,0,0,0.0,0,Benign
62059,21,6,1.0,9,1,193,3,24,24,16,0,0,0,31,32,89,52,52,89,456.0,435.0,0,0,0,0,3648000,3480000,15,0,0,0,0,0,7240,0,0,0,0,0,331.0,0,Benign
51627,28068,6,0.0,4238,72,61150,74,27,27,27,0,0,0,31,32,1352,52,52,1352,4238.0,61150.0,555,6,30155,29,33904000,489200000,96,2,6,0,42,47784,14480,11008,43,0,0,0,0.0,0,Benign
2973,5190,6,0.0,1958,22,2308,24,27,27,27,0,0,0,31,32,485,52,52,485,1958.0,2308.0,663,5,786,5,15664000,18464000,42,0,4,0,0,13032,13032,38656,151,0,0,0,0.0,0,Benign
4933,49874,6,0.0,3390,56,44722,58,27,27,27,0,0,0,31,32,1352,52,52,1352,3390.0,44722.0,547,6,21941,21,27120000,357776000,82,0,0,0,32,36200,14480,8960,35,0,0,0,0.0,0,Benign
58685,111,17,0.0,568,4,312,4,0,0,0,0,0,0,31,32,142,76,76,142,568.0,312.0,0,0,0,0,4544000,2496000,4,4,0,0,0,0,0,0,0,0,0,0,0.0,0,Benign
10762,8710,6,0.0,2766,44,24004,46,27,27,27,0,0,0,31,32,1352,52,52,1352,2766.0,24004.0,547,6,11582,15,22128000,192032000,70,4,0,0,16,27512,14480,8960,35,0,0,0,0.0,0,Benign
43829,6881,6,0.0,13454,234,536674,429,27,27,27,0,0,0,31,32,1500,52,52,1500,13454.0,536674.0,1679,20,266387,191,107632000,4293392000,284,0,4,30,345,65160,34752,36608,143,0,0,0,0.0,0,Benign
3082,111,17,0.0,568,4,312,4,0,0,0,0,0,0,31,32,142,76,76,142,568.0,312.0,0,0,0,0,4544000,2496000,4,4,0,0,0,0,0,0,0,0,0,0,0.0,0,Benign
3787,48586,6,0.0,2542,40,23278,42,27,27,27,0,0,0,31,32,1352,52,52,1352,2542.0,23278.0,539,6,11219,13,20336000,186224000,66,0,0,0,16,24616,14480,6912,27,0,0,0,0.0,0,Benign
52727,5190,6,0.0,1064,12,2260,12,27,27,27,0,0,0,31,32,828,52,52,828,1064.0,2260.0,372,3,970,3,8512000,18080000,20,2,0,2,0,10136,10136,29696,116,0,0,0,0.0,0,Benign
12025,33308,6,0.0,2958,48,32374,50,27,27,27,0,0,0,31,32,1352,52,52,1352,2958.0,32374.0,539,6,15767,17,23664000,258992000,74,0,2,0,22,30408,14480,6912,27,0,0,0,0.0,0,Benign
1757,25,6,3.0,37428,52,3276,40,27,27,27,0,0,0,31,32,1500,52,52,1500,37428.0,3276.0,18242,17,958,7,299424000,26208000,64,2,2,0,24,15928,30408,16896,66,0,0,0,0.0,0,Benign
64040,37541,6,0.0,2558,40,23002,42,27,27,27,0,0,0,31,32,1352,52,52,1352,2558.0,23002.0,547,6,11081,13,20464000,184016000,66,0,0,0,16,24616,14480,8960,35,0,0,0,0.0,0,Benign
65307,53,17,0.0,130,2,162,2,0,0,0,0,0,0,31,31,81,65,65,81,130.0,162.0,0,0,0,0,1040000,1296000,4,0,0,0,0,0,0,0,0,23230,1,60,0.0,0,Benign
46393,21,6,1.0,481,9,750,11,24,24,24,0,0,0,31,32,94,52,52,94,928.0,992.0,132,2,172,2,5576000,5696000,31,0,0,0,0,10136,10136,33792,132,0,0,0,229.0,0,Benign
22982,80,6,7.0,18890,354,1087890,746,27,27,27,4294952,15,15,31,32,1500,52,52,1500,18890.0,1087890.0,289,1,543733,369,9440000,543944000,360,0,20,0,720,65160,7240,8448,33,0,0,0,0.0,0,Benign
46352,61083,6,0.0,372,7,7324,11,27,19,27,0,0,0,31,32,1500,52,52,1500,372.0,7324.0,0,0,2752,2,2976000,58592000,13,0,0,0,5,10136,5792,0,0,0,0,0,0.0,0,Benign
44381,53954,17,0.0,544,4,304,4,0,0,0,0,0,0,31,32,156,52,52,156,544.0,304.0,0,0,0,0,4352000,2432000,6,2,0,0,0,0,0,0,0,0,0,0,0.0,0,Benign
31421,21,6,1.0,1493,27,2056,29,24,24,24,0,0,0,31,32,106,52,52,106,1940.0,2298.0,378,6,611,7,9544000,10784000,67,0,0,0,0,17376,15928,31232,122,0,0,0,125.0,0,Benign
20410,22,6,92.0,5928,62,8010,58,27,27,27,0,0,0,31,32,900,52,52,900,5928.0,8010.0,2024,13,3325,16,47424000,64080000,108,2,4,6,0,28960,24616,59392,232,0,0,0,0.0,0,Benign
52324,5190,6,0.0,2024,24,4312,24,27,27,27,0,0,0,31,32,1097,52,52,1097,2024.0,4312.0,644,5,1788,5,16192000,34496000,42,0,4,0,2,13032,13032,33792,132,0,0,0,0.0,0,Benign
52985,50981,6,0.0,2750,44,27850,46,27,27,27,0,0,0,31,32,1352,52,52,1352,2750.0,27850.0,539,6,13505,15,22000000,222800000,70,0,0,2,18,27512,14480,6912,27,0,0,0,0.0,0,Benign
51732,54884,6,0.0,2974,48,33842,50,27,27,27,0,0,0,31,32,1352,52,52,1352,2974.0,33842.0,547,6,16501,17,23792000,270736000,74,0,0,0,24,30408,14480,8960,35,0,0,0,0.0,0,Benign
40599,21,6,1.0,1031,19,1474,21,24,24,24,0,0,0,31,32,106,52,52,106,1478.0,1716.0,251,4,437,5,7544000,8240000,51,0,0,0,0,14480,13032,64256,251,0,0,0,230.0,0,Benign
18429,53,17,0.0,146,2,178,2,0,0,0,0,0,0,31,31,89,73,73,89,146.0,178.0,0,0,0,0,1168000,1424000,4,0,0,0,0,0,0,0,0,57944,1,60,0.0,0,Benign
64653,111,17,0.0,568,4,312,4,0,0,0,0,0,0,31,32,142,76,76,142,568.0,312.0,0,0,0,0,4544000,2496000,4,4,0,0,0,0,0,0,0,0,0,0,0.0,0,Benign
56245,24617,6,0.0,2974,48,33882,50,27,27,27,0,0,0,31,32,1352,52,52,1352,2974.0,33882.0,547,6,16521,17,23792000,271056000,74,0,0,0,24,30408,14480,8960,35,0,0,0,0.0,0,Benign
61498,21,6,1.0,701,13,1054,15,24,24,24,0,0,0,31,32,106,52,52,106,1148.0,1296.0,190,3,266,3,6480000,6864000,39,0,0,0,0,11584,11584,48640,190,0,0,0,125.0,0,Benign
1717,21,6,1.0,2383,43,3234,45,24,24,24,0,0,0,31,32,106,52,52,106,2830.0,3476.0,563,9,1068,12,12760000,14984000,99,0,0,0,0,24616,20272,13056,51,0,0,0,221.0,0,Benign
48148,23,6,77.0,9810,16,256,6,19,19,19,0,0,0,254,255,1500,40,40,1500,9810.0,256.0,4729,4,0,0,78480000,2048000,14,2,0,0,6,16383,16383,30976,121,0,0,0,0.0,1,DoS
7212,80,6,7.0,1580,12,10168,18,27,27,27,0,0,0,31,32,1500,52,52,1500,1580.0,10168.0,578,2,4820,4,12640000,81344000,18,0,6,0,6,11584,8688,16896,66,0,0,0,0.0,0,Benign
49152,6979,6,0.0,424,8,8824,12,27,19,27,0,0,0,31,32,1500,52,52,1500,424.0,8824.0,0,0,4252,3,3392000,70592000,14,0,0,0,6,10136,5792,0,0,0,0,0,0.0,0,Benign
41021,21,6,1.0,1251,23,1752,25,24,24,24,0,0,0,31,32,106,52,52,106,1698.0,1994.0,309,5,517,6,8552000,9520000,59,0,0,0,0,15928,14480,13568,53,0,0,0,229.0,0,Benign
59694,80,6,7.0,6410,114,343892,236,26,26,26,0,0,0,31,32,1500,52,52,1500,6410.0,343892.0,289,1,170338,115,51280000,2751136000,116,0,6,0,228,65160,7240,8448,33,0,0,0,0.0,0,Benign
8351,21,6,1.0,701,13,1054,15,24,24,24,0,0,0,31,32,106,52,52,106,1148.0,1296.0,190,3,266,3,6480000,6864000,39,0,0,0,0,11584,11584,48640,190,0,0,0,125.0,0,Benign
9476,26343,6,0.0,320,6,1858,8,27,19,27,0,0,0,31,32,769,52,52,769,320.0,1858.0,0,0,769,1,2560000,14864000,12,0,0,2,0,7240,5792,0,0,0,0,0,0.0,0,Benign
65412,21,6,1.0,1817,33,2511,35,24,24,24,4294951,16,16,31,32,106,52,52,106,2264.0,2753.0,436,7,793,9,3536000,2432000,79,0,0,0,0,20272,17376,46080,180,0,0,0,229.0,0,Benign
3404,53,17,0.0,130,2,162,2,0,0,0,4294952,15,0,31,31,81,65,65,81,130.0,162.0,0,0,0,0,64000,1296000,4,0,0,0,0,0,0,0,0,43241,1,60,0.0,0,Benign
33300,53849,6,0.0,3390,56,44134,58,27,27,27,0,0,0,31,32,1352,52,52,1352,3390.0,44134.0,547,6,21647,21,27120000,353072000,82,0,0,0,32,36200,14480,8960,35,0,0,0,0.0,0,Benign
52927,47426,6,0.0,2438,38,19414,40,27,27,27,0,0,0,31,32,1352,52,52,1352,2438.0,19414.0,539,6,9287,12,19504000,155312000,64,0,0,2,12,23168,14480,6912,27,0,0,0,0.0,0,Benign
60602,21,6,1.0,701,13,1054,15,24,24,24,0,0,0,31,32,106,52,52,106,1148.0,1296.0,190,3,266,3,6480000,6864000,39,0,0,0,0,11584,11584,48640,190,0,0,0,125.0,0,Benign
44931,53,17,0.0,146,2,178,2,0,0,0,0,0,0,31,31,89,73,73,89,146.0,178.0,0,0,0,0,1168000,1424000,4,0,0,0,0,0,0,0,0,2598,1,60,0.0,0,Benign
62959,21,6,1.0,389,9,434,8,17,17,17,0,0,0,254,255,74,40,40,74,684.0,670.0,110,2,137,2,3736000,3800000,26,0,0,0,0,16383,16383,28160,110,0,0,0,0.0,1,Fuzzers
62757,14219,6,0.0,2750,44,26406,46,27,27,27,0,0,0,31,32,1352,52,52,1352,2750.0,26406.0,539,6,12783,15,22000000,211248000,72,0,0,0,18,27512,14480,6912,27,0,0,0,0.0,0,Benign
6989,111,17,0.0,568,4,320,4,0,0,0,0,0,0,31,32,142,80,80,142,568.0,320.0,0,0,0,0,4544000,2560000,4,4,0,0,0,0,0,0,0,0,0,0,0.0,0,Benign
22877,64866,6,0.0,4014,68,58994,70,27,27,27,0,0,0,31,32,1352,52,52,1352,4014.0,58994.0,547,6,29077,27,32112000,471952000,94,0,0,4,40,44888,14480,8960,35,0,0,0,0.0,0,Benign
15497,31861,6,0.0,8928,14,424,8,27,27,19,0,0,0,31,32,1500,52,52,1500,8928.0,424.0,4252,3,0,0,71424000,3392000,16,0,0,0,6,5792,10136,39936,156,0,0,0,0.0,0,Benign
36106,23754,6,0.0,424,8,8824,12,27,19,27,0,0,0,31,32,1500,52,52,1500,424.0,8824.0,0,0,4252,3,3392000,70592000,14,0,0,0,6,10136,5792,0,0,0,0,0,0.0,0,Benign
3214,21,6,1.0,9,1,193,3,24,24,16,0,0,0,31,32,89,52,52,89,456.0,435.0,0,0,0,0,3648000,3480000,15,0,0,0,0,0,7240,0,0,0,0,0,331.0,0,Benign
26586,111,17,0.0,568,4,312,4,0,0,0,4294951,16,16,31,32,142,76,76,142,568.0,312.0,0,0,0,0,264000,144000,4,4,0,0,0,0,0,0,0,0,0,0,0.0,0,Benign
18318,21,6,1.0,2487,45,3500,50,25,25,25,4294951,16,16,31,32,106,52,52,106,2934.0,3742.0,563,9,1126,13,1656000,1968000,106,0,0,0,0,26064,20272,13056,51,0,0,0,0.0,0,Benign
38704,21,6,0.0,215,5,408,5,24,24,16,0,0,0,62,63,108,48,48,108,510.0,688.0,103,2,176,2,3264000,4368000,19,0,0,0,0,16383,16383,26368,103,0,0,0,227.0,1,Exploits
54879,6881,6,0.0,1332,12,1322,12,26,26,26,0,0,0,31,32,329,52,52,329,1332.0,1322.0,506,3,449,2,10656000,10576000,20,0,4,0,0,7240,10136,64000,250,0,0,0,0.0,0,Benign
12065,39836,6,0.0,2558,40,23470,42,27,27,27,0,0,0,31,32,1358,52,52,1358,2558.0,23470.0,547,6,11315,13,20464000,187760000,66,0,0,0,16,24616,14480,8960,35,0,0,0,0.0,0,Benign
8492,5190,6,0.0,3744,48,19084,52,27,27,27,0,0,0,31,32,1412,52,52,1412,3744.0,19084.0,1140,10,8914,14,29952000,152672000,82,2,4,2,10,26064,20272,29696,116,0,0,0,0.0,0,Benign
24288,25,6,3.0,37146,52,3276,40,27,27,27,0,0,0,31,32,1500,52,52,1500,37146.0,3276.0,18101,17,958,7,297168000,26208000,64,2,2,0,24,15928,30408,46336,181,0,0,0,0.0,0,Benign
54008,21,6,1.0,1817,33,2512,35,24,24,24,0,0,0,31,32,106,52,52,106,2264.0,2754.0,436,7,793,9,10616000,12192000,79,0,0,0,0,20272,17376,46080,180,0,0,0,229.0,0,Benign
59482,6881,6,0.0,12934,224,548216,438,27,27,27,0,0,0,31,32,1500,52,52,1500,12934.0,548216.0,1679,20,272908,196,103472000,90760704,274,0,4,32,352,65160,34752,36608,143,0,0,0,0.0,0,Benign
59566,25,6,3.0,37262,52,3380,42,27,27,27,4294952,15,15,31,32,1500,52,52,1500,37262.0,3380.0,18159,17,958,7,18624000,1688000,66,2,2,0,24,15928,30408,61184,239,0,0,0,0.0,0,Benign
62199,59754,17,0.0,520,4,304,4,0,0,0,0,0,0,31,32,144,52,52,144,520.0,304.0,0,0,0,0,4160000,2432000,6,2,0,0,0,0,0,0,0,0,0,0,0.0,0,Benign
6307,4302,6,0.0,4862,84,80646,86,27,27,27,0,0,0,31,32,1352,52,52,1352,4862.0,80646.0,555,6,39903,35,38896000,645168000,110,0,0,6,54,56472,14480,11008,43,0,0,0,0.0,0,Benign
23972,54475,6,0.0,8928,14,320,6,27,27,19,4294952,15,15,31,32,1500,52,52,1500,62162710.0,112208.0,4252,3,0,0,30704000,1072000,14,0,0,0,6,5792,10136,39936,156,0,0,0,0.0,0,Benign
11581,37974,6,0.0,4344,26,2976,28,27,27,27,0,0,0,31,32,856,52,52,856,4344.0,2976.0,1804,6,1068,6,34752000,23808000,32,18,2,2,0,14480,14480,3072,12,0,0,0,0.0,0,Benign
23587,21,6,1.0,1817,33,2512,35,24,24,24,0,0,0,31,32,106,52,52,106,2264.0,2754.0,436,7,793,9,10616000,12192000,79,0,0,0,0,20272,17376,46080,180,0,0,0,229.0,0,Benign
8013,53,17,0.0,130,2,162,2,0,0,0,0,0,0,31,31,81,65,65,81,130.0,162.0,0,0,0,0,1040000,1296000,4,0,0,0,0,0,0,0,0,47848,1,60,0.0,0,Benign
1652,143,6,4.0,7814,122,15240,126,27,27,27,0,0,0,31,32,1500,52,52,1500,7814.0,15240.0,2239,29,5952,31,62512000,121920000,222,16,6,2,2,50680,47784,48896,191,0,0,0,0.0,0,Benign
13874,41696,6,0.0,2438,38,16920,38,27,27,27,0,0,0,31,32,1352,52,52,1352,2438.0,16920.0,539,6,8040,11,19504000,135360000,64,0,0,2,10,21720,14480,6912,27,0,0,0,0.0,0,Benign
34852,21,6,1.0,9,1,108,1,24,24,0,0,0,0,62,63,108,48,48,108,304.0,386.0,0,0,0,0,2432000,3088000,11,0,0,0,0,0,16383,0,0,0,0,0,331.0,1,Exploits
9446,21,6,1.0,481,9,750,11,24,24,24,0,0,0,31,32,94,52,52,94,928.0,992.0,132,2,172,2,5576000,5696000,31,0,0,0,0,10136,10136,33792,132,0,0,0,229.0,0,Benign
49792,46150,6,0.0,4976,28,3080,30,27,27,27,0,0,0,31,32,1120,52,52,1120,4976.0,3080.0,2068,6,1068,6,39808000,24640000,36,18,2,0,2,14480,14480,5120,20,0,0,0,0.0,0,Benign
30603,25,6,0.0,195172,164,2470,40,27,27,19,4294952,15,15,62,63,1500,40,40,1500,195172.0,2470.0,97410,78,707,7,97584000,1232000,64,2,10,2,126,16383,16383,33281,130,0,0,0,0.0,1,Exploits
1532,63945,6,0.0,2438,38,19242,40,27,27,27,0,0,0,31,32,1352,52,52,1352,2438.0,19242.0,539,6,9201,12,19504000,153936000,64,0,0,2,12,23168,14480,6912,27,0,0,0,0.0,0,Benign
6093,22,6,92.0,12472,70,12820,62,27,27,27,0,0,0,31,32,1012,52,52,1012,12472.0,12820.0,5244,16,5626,16,99776000,102560000,98,10,6,18,0,28960,28960,31744,124,0,0,0,0.0,0,Benign
56109,21,6,1.0,1251,23,1752,25,24,24,24,0,0,0,31,32,106,52,52,106,1698.0,1994.0,309,5,517,6,8552000,9520000,59,0,0,0,0,15928,14480,13568,53,0,0,0,229.0,0,Benign
2678,111,17,0.0,568,4,304,4,0,0,0,0,0,0,31,32,142,76,76,142,568.0,304.0,0,0,0,0,4544000,2432000,4,4,0,0,0,0,0,0,0,0,0,0,0.0,0,Benign
1612,21,6,1.0,1493,27,2054,29,24,24,24,0,0,0,31,32,106,52,52,106,1940.0,2296.0,378,6,610,7,9544000,10776000,67,0,0,0,0,17376,15928,31232,122,0,0,0,125.0,0,Benign
59996,65479,6,0.0,3718,62,46932,62,27,27,27,0,0,0,31,32,1352,52,52,1352,3718.0,46932.0,555,6,23046,23,29744000,375456000,88,0,0,6,30,39096,14480,11008,43,0,0,0,0.0,0,Benign
38120,63758,6,0.0,4238,72,66608,74,27,27,27,0,0,0,31,32,1352,52,52,1352,4238.0,66608.0,555,6,32884,29,33904000,532864000,98,0,0,0,48,47784,14480,11008,43,0,0,0,0.0,0,Benign
59506,1500,6,0.0,856,12,492,8,19,19,19,0,0,0,254,255,208,40,40,208,856.0,492.0,252,2,118,1,6848000,3936000,18,2,0,0,0,16383,16383,64512,252,0,0,0,0.0,1,Exploits
57393,21,6,1.0,481,9,750,11,24,24,24,0,0,0,31,32,94,52,52,94,928.0,992.0,132,2,172,2,5576000,5696000,31,0,0,0,0,10136,10136,33792,132,0,0,0,229.0,0,Benign
12187,5190,6,0.0,4908,34,2344,24,27,27,27,0,0,0,31,32,1264,52,52,1264,4908.0,2344.0,1982,8,804,5,39264000,18752000,52,0,4,0,2,13032,17376,48640,190,0,0,0,0.0,0,Benign
36467,21,6,1.0,547,11,698,9,24,24,16,0,0,0,62,63,108,40,40,108,842.0,992.0,229,4,324,4,4272000,5632000,29,0,0,0,0,16383,16383,58624,229,0,0,0,213.0,1,Exploits
34454,6029,17,0.0,512,4,304,4,0,0,0,0,0,0,31,32,140,52,52,140,512.0,304.0,0,0,0,0,4096000,2432000,6,2,0,0,0,0,0,0,0,0,0,0,0.0,0,Benign
47870,53,17,0.0,146,2,178,2,0,0,0,0,0,0,31,31,89,73,73,89,146.0,178.0,0,0,0,0,1168000,1424000,4,0,0,0,0,0,0,0,0,8027,1,60,0.0,0,Benign
1504,53,17,0.0,132,2,164,2,0,0,0,0,0,0,31,31,82,66,66,82,132.0,164.0,0,0,0,0,1056000,1312000,4,0,0,0,0,0,0,0,0,41029,1,60,0.0,0,Benign
39889,11513,6,0.0,320,6,1818,8,27,19,27,0,0,0,31,32,749,52,52,749,320.0,1818.0,0,0,749,1,2560000,14544000,12,0,0,2,0,7240,5792,0,0,0,0,0,0.0,0,Benign
29467,27606,6,0.0,2854,46,29196,48,27,27,27,0,0,0,31,32,1352,52,52,1352,2854.0,29196.0,539,6,14178,16,22832000,233568000,72,2,0,0,20,28960,14480,6912,27,0,0,0,0.0,0,Benign
37542,21,6,1.0,1031,19,1474,21,24,24,24,0,0,0,31,32,106,52,52,106,1478.0,1716.0,251,4,437,5,7544000,8240000,51,0,0,0,0,14480,13032,64256,251,0,0,0,230.0,0,Benign
28237,21,6,1.0,1493,27,2056,29,24,24,24,0,0,0,31,32,106,52,52,106,1940.0,2298.0,378,6,611,7,9544000,10784000,67,0,0,0,0,17376,15928,31232,122,0,0,0,125.0,0,Benign
4204,33110,17,0.0,544,4,304,4,0,0,0,0,0,0,31,32,156,52,52,156,544.0,304.0,0,0,0,0,4352000,2432000,6,2,0,0,0,0,0,0,0,0,0,0,0.0,0,Benign
2797,143,6,4.0,7808,122,14996,126,27,27,27,0,0,0,31,32,1500,52,52,1500,7808.0,14996.0,2236,29,5830,31,62464000,119968000,222,18,4,2,2,50680,47784,48128,188,0,0,0,0.0,0,Benign
1992,21,6,1.0,2383,43,3234,45,24,24,24,0,0,0,31,32,106,52,52,106,2830.0,3476.0,563,9,1068,12,12760000,14984000,99,0,0,0,0,24616,20272,13056,51,0,0,0,221.0,0,Benign
55369,15207,17,0.0,512,4,304,4,0,0,0,0,0,0,31,32,140,52,52,140,512.0,304.0,0,0,0,0,4096000,2432000,6,2,0,0,0,0,0,0,0,0,0,0,0.0,0,Benign
58168,57737,6,0.0,3182,52,36282,54,27,27,27,0,0,0,31,32,1352,52,52,1352,3182.0,36282.0,547,6,17721,19,25456000,290256000,78,0,4,0,24,33304,14480,8960,35,0,0,0,0.0,0,Benign
25534,21,6,1.0,9,1,193,3,24,24,16,0,0,0,31,32,89,52,52,89,456.0,435.0,0,0,0,0,3648000,3480000,15,0,0,0,0,0,7240,0,0,0,0,0,331.0,0,Benign
28581,21,6,1.0,261,5,469,7,24,24,24,0,0,0,31,32,89,52,52,89,708.0,711.0,74,1,89,1,4656000,4584000,23,0,0,0,0,8688,8688,18944,74,0,0,0,230.0,0,Benign
24949,21,6,1.0,1493,27,2056,29,24,24,24,0,0,0,31,32,106,52,52,106,1940.0,2298.0,378,6,611,7,9544000,10784000,67,0,0,0,0,17376,15928,31232,122,0,0,0,125.0,0,Benign
8290,80,6,7.0,1684,14,10168,18,27,27,27,0,0,0,31,32,1500,52,52,1500,1684.0,10168.0,578,2,4820,4,13472000,81344000,20,0,6,0,6,11584,8688,16896,66,0,0,0,0.0,0,Benign
61701,59739,6,0.0,3614,60,50192,62,27,27,27,0,0,0,31,32,1352,52,52,1352,3614.0,50192.0,555,6,24676,23,28912000,401536000,86,0,0,0,36,39096,14480,11008,43,0,0,0,0.0,0,Benign
10614,41336,6,0.0,4238,72,66846,74,27,27,27,0,0,0,31,32,1378,52,52,1378,4238.0,66846.0,555,6,33003,29,33904000,534768000,98,0,0,0,48,47784,14480,11008,43,0,0,0,0.0,0,Benign
42787,11888,17,0.0,536,4,304,4,0,0,0,0,0,0,31,32,152,52,52,152,536.0,304.0,0,0,0,0,4288000,2432000,6,2,0,0,0,0,0,0,0,0,0,0,0.0,0,Benign
23973,62120,6,0.0,424,8,8824,12,27,19,27,0,0,0,31,32,1500,52,52,1500,424.0,8824.0,0,0,4252,3,3392000,70592000,14,0,0,0,6,10136,5792,0,0,0,0,0,0.0,0,Benign
63125,80,6,7.0,1044,8,824,10,27,27,27,0,0,0,31,32,362,52,52,362,1044.0,824.0,362,1,200,1,8352000,6592000,14,2,2,0,0,7240,7240,27136,106,0,0,0,0.0,0,Benign
39325,111,17,0.0,568,4,304,4,0,0,0,0,0,0,31,32,142,76,76,142,568.0,304.0,0,0,0,0,4544000,2432000,4,4,0,0,0,0,0,0,0,0,0,0,0.0,0,Benign
51315,21,6,1.0,2059,37,2816,39,24,24,24,0,0,0,31,32,106,52,52,106,2506.0,3058.0,505,8,887,10,11664000,13552000,87,0,0,0,0,21720,18824,63744,249,0,0,0,125.0,0,Benign
56429,55098,6,0.0,2216,16,2420,21,27,27,27,0,0,0,31,32,280,52,52,280,2216.0,2420.0,948,5,824,5,17728000,19360000,18,17,2,0,0,14480,14480,46080,180,0,0,0,0.0,0,Benign
51980,21,6,1.0,1251,23,1751,25,24,24,24,0,0,0,31,32,106,52,52,106,1698.0,1993.0,309,5,517,6,8552000,9520000,59,0,0,0,0,15928,14480,13568,53,0,0,0,229.0,0,Benign
2841,21,6,1.0,1817,33,2512,35,24,24,24,0,0,0,31,32,106,52,52,106,2264.0,2754.0,436,7,793,9,10616000,12192000,79,0,0,0,0,20272,17376,46080,180,0,0,0,229.0,0,Benign
29211,21,6,1.0,1817,33,2511,35,24,24,24,0,0,0,31,32,106,52,52,106,2264.0,2753.0,436,7,793,9,10616000,12192000,79,0,0,0,0,20272,17376,46080,180,0,0,0,229.0,0,Benign
52266,53,17,0.0,130,2,162,2,0,0,0,0,0,0,31,31,81,65,65,81,130.0,162.0,0,0,0,0,1040000,1296000,4,0,0,0,0,0,0,0,0,27023,1,60,0.0,0,Benign
48221,53,17,0.0,130,2,162,2,0,0,0,0,0,0,31,31,81,65,65,81,130.0,162.0,0,0,0,0,1040000,1296000,4,0,0,0,0,0,0,0,0,6648,1,60,0.0,0,Benign
57949,24940,6,0.0,3390,56,41676,58,27,27,27,0,0,0,31,32,1352,52,52,1352,3390.0,41676.0,547,6,20418,21,27120000,333408000,82,0,4,0,28,36200,14480,8960,35,0,0,0,0.0,0,Benign
15820,22,6,92.0,3728,32,5474,24,27,27,27,0,0,0,31,32,900,52,52,900,3728.0,5474.0,1340,6,2421,6,29824000,43792000,42,4,4,6,0,14480,14480,15360,60,0,0,0,0.0,0,Benign
23651,80,6,7.0,1684,14,10168,18,27,27,27,4294951,16,16,31,32,1500,52,52,1500,1684.0,10168.0,578,2,4820,4,792000,4784000,20,0,6,0,6,11584,8688,16896,66,0,0,0,0.0,0,Benign
49392,1478,6,0.0,536,10,256,6,19,19,19,0,0,0,254,255,92,40,40,92,536.0,256.0,92,1,0,0,4288000,2048000,16,0,0,0,0,16383,16383,23552,92,0,0,0,0.0,1,DoS
56848,21,6,1.0,1031,19,1474,21,24,24,24,0,0,0,31,32,106,52,52,106,1478.0,1716.0,251,4,437,5,7544000,8240000,51,0,0,0,0,14480,13032,64256,251,0,0,0,230.0,0,Benign
2140,21,6,1.0,1251,23,1752,25,24,24,24,0,0,0,31,32,106,52,52,106,1698.0,1994.0,309,5,517,6,8552000,9520000,59,0,0,0,0,15928,14480,13568,53,0,0,0,229.0,0,Benign
23357,62516,17,0.0,544,4,304,4,0,0,0,0,0,0,31,32,156,52,52,156,544.0,304.0,0,0,0,0,4352000,2432000,6,2,0,0,0,0,0,0,0,0,0,0,0.0,0,Benign
10054,44828,6,0.0,3614,60,47722,62,27,27,27,0,0,0,31,32,1352,52,52,1352,3614.0,47722.0,555,6,23441,23,28912000,381776000,86,0,0,6,30,39096,14480,11008,43,0,0,0,0.0,0,Benign
45504,111,17,0.0,568,4,320,4,0,0,0,0,0,0,31,32,142,80,80,142,568.0,320.0,0,0,0,0,4544000,2560000,4,4,0,0,0,0,0,0,0,0,0,0,0.0,0,Benign
53307,25,6,3.0,37496,52,3276,40,27,27,27,0,0,0,31,32,1500,52,52,1500,37496.0,3276.0,18276,17,958,7,299968000,26208000,64,2,2,0,24,15928,30408,25600,100,0,0,0,0.0,0,Benign
50429,21,6,1.0,2383,43,3230,45,24,24,24,0,0,0,31,32,106,52,52,106,2830.0,3472.0,563,9,1066,12,12760000,14960000,99,0,0,0,0,24616,20272,13056,51,0,0,0,221.0,0,Benign
12632,19509,6,0.0,424,8,8824,12,27,19,27,0,0,0,31,32,1500,52,52,1500,424.0,8824.0,0,0,4252,3,3392000,70592000,14,0,0,0,6,10136,5792,0,0,0,0,0,0.0,0,Benign
4732,46197,6,0.0,320,6,1932,8,27,19,27,0,0,0,31,32,806,52,52,806,320.0,1932.0,0,0,806,1,2560000,15456000,12,0,0,2,0,7240,5792,0,0,0,0,0,0.0,0,Benign
47318,21,6,1.0,2059,37,2814,39,24,24,24,0,0,0,31,32,106,52,52,106,2506.0,3056.0,505,8,886,10,11664000,13552000,87,0,0,0,0,21720,18824,63744,249,0,0,0,125.0,0,Benign
45006,111,17,0.0,568,4,320,4,0,0,0,0,0,0,31,32,142,80,80,142,568.0,320.0,0,0,0,0,4544000,2560000,4,4,0,0,0,0,0,0,0,0,0,0,0.0,0,Benign
20054,61545,6,0.0,2334,36,16446,38,27,27,27,0,0,0,31,32,1352,52,52,1352,2334.0,16446.0,539,6,7803,11,18672000,131568000,62,0,0,2,10,21720,14480,6912,27,0,0,0,0.0,0,Benign
52448,80,6,7.0,1580,12,10168,18,27,27,27,0,0,0,31,32,1500,52,52,1500,1580.0,10168.0,578,2,4820,4,12640000,81344000,18,0,6,0,6,11584,8688,16896,66,0,0,0,0.0,0,Benign
36838,80,6,7.0,1580,12,10168,18,27,27,27,0,0,0,31,32,1500,52,52,1500,1580.0,10168.0,578,2,4820,4,12640000,81344000,18,0,6,0,6,11584,8688,16896,66,0,0,0,0.0,0,Benign
27324,18204,6,0.0,8928,14,424,8,27,27,19,0,0,0,31,32,1500,52,52,1500,8928.0,424.0,4252,3,0,0,71424000,3392000,16,0,0,0,6,5792,10136,39936,156,0,0,0,0.0,0,Benign
10816,32664,6,0.0,424,8,8824,12,27,19,27,0,0,0,31,32,1500,52,52,1500,424.0,8824.0,0,0,4252,3,3392000,70592000,14,0,0,0,6,10136,5792,0,0,0,0,0,0.0,0,Benign
53802,143,6,4.0,7818,122,14598,126,27,27,27,0,0,0,31,32,1500,52,52,1500,7818.0,14598.0,2241,29,5631,31,62544000,116784000,222,20,4,0,2,50680,47784,49408,193,0,0,0,0.0,0,Benign
64040,37289,6,0.0,2438,38,16920,38,27,27,27,0,0,0,31,32,1352,52,52,1352,2438.0,16920.0,539,6,8040,11,19504000,135360000,64,0,0,2,10,21720,14480,6912,27,0,0,0,0.0,0,Benign
51048,6881,6,0.0,17472,308,708000,560,27,27,27,4294951,16,16,31,32,1500,52,52,1500,17472.0,708000.0,2024,25,352540,252,8216000,333176000,368,0,4,40,456,65160,41992,59392,232,0,0,0,0.0,0,Benign
6576,48573,6,0.0,2750,44,27278,48,27,27,27,0,0,0,31,32,1352,52,52,1352,2750.0,27278.0,539,6,13167,15,22000000,218224000,72,0,2,0,18,27512,14480,6912,27,0,0,0,0.0,0,Benign
40390,80,6,7.0,19098,358,1087900,746,27,27,27,4294936,31,31,31,32,1500,52,52,1500,19098.0,1087900.0,289,1,543738,369,4768000,271968000,364,0,20,0,720,65160,7240,8448,33,0,0,0,0.0,0,Benign
37244,21,6,1.0,261,5,469,7,24,24,24,4294951,0,16,31,32,89,52,52,89,708.0,711.0,74,1,89,1,4656000,504000,23,0,0,0,0,8688,8688,18944,74,0,0,0,230.0,0,Benign
14552,39047,6,0.0,3390,56,41008,58,27,27,27,0,0,0,31,32,1352,52,52,1352,3390.0,41008.0,547,6,20084,21,27120000,328064000,82,0,4,0,28,36200,14480,8960,35,0,0,0,0.0,0,Benign
28609,21,6,1.0,1817,33,2512,35,24,24,24,0,0,0,31,32,106,52,52,106,2264.0,2754.0,436,7,793,9,10616000,12192000,79,0,0,0,0,20272,17376,46080,180,0,0,0,229.0,0,Benign
39586,65188,6,0.0,8928,14,320,6,27,27,19,0,0,0,31,32,1500,52,52,1500,8928.0,320.0,4252,3,0,0,71424000,2560000,14,0,0,0,6,5792,10136,39936,156,0,0,0,0.0,0,Benign
43810,22,6,92.0,3728,32,5474,24,27,27,27,0,0,0,31,32,900,52,52,900,3728.0,5474.0,1340,6,2421,6,29824000,43792000,42,4,4,6,0,14480,14480,15360,60,0,0,0,0.0,0,Benign
57059,5190,6,0.0,1920,22,4312,24,27,27,27,4294951,16,16,31,32,1097,52,52,1097,1920.0,4312.0,644,5,1788,5,896000,2024000,40,0,4,0,2,13032,13032,33792,132,0,0,0,0.0,0,Benign
61265,53,17,0.0,146,2,178,2,0,0,0,0,0,0,31,31,89,73,73,89,146.0,178.0,0,0,0,0,1168000,1424000,4,0,0,0,0,0,0,0,0,19188,1,60,0.0,0,Benign
7381,25403,6,0.0,4118,70,57846,70,27,27,27,0,0,0,31,32,1352,52,52,1352,4118.0,57846.0,547,6,28503,27,32944000,462768000,96,0,4,0,40,44888,14480,8960,35,0,0,0,0.0,0,Benign
20780,111,17,0.0,568,4,312,4,0,0,0,0,0,0,31,32,142,76,76,142,568.0,312.0,0,0,0,0,4544000,2496000,4,4,0,0,0,0,0,0,0,0,0,0,0.0,0,Benign
15546,13373,6,0.0,2974,48,31400,50,27,27,27,0,0,0,31,32,1352,52,52,1352,2974.0,31400.0,547,6,15280,17,23792000,251200000,74,0,0,4,20,30408,14480,8960,35,0,0,0,0.0,0,Benign
18999,21,6,1.0,1817,33,2512,35,24,24,24,0,0,0,31,32,106,52,52,106,2264.0,2754.0,436,7,793,9,10616000,12192000,79,0,0,0,0,20272,17376,46080,180,0,0,0,229.0,0,Benign
21028,21,6,1.0,1251,23,1751,25,24,24,24,0,0,0,31,32,106,52,52,106,1698.0,1993.0,309,5,517,6,8552000,9520000,59,0,0,0,0,15928,14480,13568,53,0,0,0,229.0,0,Benign
15151,1793,6,0.0,2542,40,23278,42,27,27,27,0,0,0,31,32,1352,52,52,1352,2542.0,23278.0,539,6,11219,13,20336000,186224000,66,0,0,0,16,24616,14480,6912,27,0,0,0,0.0,0,Benign
17978,21,6,1.0,2383,43,3234,45,24,24,24,0,0,0,31,32,106,52,52,106,2830.0,3476.0,563,9,1068,12,12760000,14984000,99,0,0,0,0,24616,20272,13056,51,0,0,0,221.0,0,Benign
17597,2627,6,0.0,320,6,1900,8,27,19,27,0,0,0,31,32,790,52,52,790,320.0,1900.0,0,0,790,1,2560000,15200000,12,0,0,2,0,7240,5792,0,0,0,0,0,0.0,0,Benign
61425,8009,6,139.0,240,6,80,2,19,19,18,0,0,0,254,255,40,40,40,40,240.0,80.0,0,0,0,0,1920000,640000,8,0,0,0,0,16383,16383,0,0,0,0,0,0.0,0,Benign
65128,22,6,92.0,24240,228,29348,234,27,27,27,0,0,0,31,32,1284,52,52,1284,24240.0,29348.0,8944,53,12018,66,193920000,234784000,422,14,6,18,2,65160,65160,61440,240,0,0,0,0.0,0,Benign
25106,23120,6,0.0,2558,40,23320,42,27,27,27,0,0,0,31,32,1352,52,52,1352,2558.0,23320.0,547,6,11240,13,20464000,186560000,66,0,0,0,16,24616,14480,8960,35,0,0,0,0.0,0,Benign
38193,21,6,1.0,261,5,469,7,24,24,24,0,0,0,31,32,89,52,52,89,708.0,711.0,74,1,89,1,4656000,4584000,23,0,0,0,0,8688,8688,18944,74,0,0,0,230.0,0,Benign
62749,53,17,0.0,132,2,164,2,0,0,0,0,0,0,31,31,82,66,66,82,132.0,164.0,0,0,0,0,1056000,1312000,4,0,0,0,0,0,0,0,0,20664,1,60,0.0,0,Benign
38544,143,6,4.0,7810,122,15714,126,27,27,27,0,0,0,31,32,1500,52,52,1500,7810.0,15714.0,2237,29,6189,31,62480000,125712000,222,16,6,2,2,50680,47784,48384,189,0,0,0,0.0,0,Benign
58946,5190,6,0.0,1064,12,2260,12,27,27,27,0,0,0,31,32,828,52,52,828,1064.0,2260.0,372,3,970,3,8512000,18080000,20,2,0,2,0,10136,10136,29696,116,0,0,0,0.0,0,Benign
30072,6881,6,0.0,12830,222,548216,438,27,27,27,4294952,15,15,31,32,1500,52,52,1500,12830.0,548216.0,1679,20,272908,196,6408000,274104000,272,0,4,32,352,65160,34752,36608,143,0,0,0,0.0,0,Benign
42559,8080,6,131.7,1048,12,21736,22,19,19,19,0,0,0,254,255,1500,40,40,1500,1048.0,21736.0,308,1,9240,7,8384000,173888000,16,2,2,0,14,16383,16383,13312,52,0,0,0,0.0,1,Exploits
3749,22,6,92.0,48256,614,85554,682,27,27,27,0,0,0,31,32,1500,52,52,1500,48256.0,85554.0,15596,143,35337,198,386048000,684432000,1202,56,12,14,12,65160,65160,60416,236,0,0,0,0.0,0,Benign
42401,6881,6,0.0,1540,16,1644,18,27,27,27,0,0,0,31,32,329,52,52,329,1540.0,1644.0,506,3,506,3,12320000,13152000,30,0,4,0,0,10136,10136,64000,250,0,0,0,0.0,0,Benign
57013,6881,6,0.0,13038,226,548216,438,27,27,27,0,0,0,31,32,1500,52,52,1500,13038.0,548216.0,1679,20,272908,196,104304000,90760704,276,0,4,32,352,65160,34752,36608,143,0,0,0,0.0,0,Benign
25566,21,6,1.0,1493,27,2056,29,24,24,24,4294951,16,16,31,32,106,52,52,106,1940.0,2298.0,378,6,611,7,936000,864000,67,0,0,0,0,17376,15928,31232,122,0,0,0,125.0,0,Benign
29639,111,17,0.0,568,4,304,4,0,0,0,0,0,0,31,32,142,76,76,142,568.0,304.0,0,0,0,0,4544000,2432000,4,4,0,0,0,0,0,0,0,0,0,0,0.0,0,Benign
58778,6881,6,0.0,29488,526,1343052,1050,27,27,27,4294936,31,31,31,32,1500,52,52,1500,29488.0,1343052.0,3404,45,669026,477,7368000,335760000,630,0,4,78,864,65160,65160,19456,76,0,0,0,0.0,0,Benign
20008,36534,6,0.0,320,6,1908,8,27,19,27,0,0,0,31,32,794,52,52,794,320.0,1908.0,0,0,794,1,2560000,15264000,12,0,0,2,0,7240,5792,0,0,0,0,0,0.0,0,Benign
45598,5656,6,0.0,4118,70,57846,70,27,27,27,0,0,0,31,32,1352,52,52,1352,4118.0,57846.0,547,6,28503,27,32944000,462768000,96,0,4,0,40,44888,14480,8960,35,0,0,0,0.0,0,Benign
30280,53547,6,0.0,2854,46,31444,48,27,27,27,0,0,0,31,32,1352,52,52,1352,2854.0,31444.0,539,6,15302,16,22832000,251552000,72,0,0,0,22,28960,14480,6912,27,0,0,0,0.0,0,Benign
44282,6881,6,0.0,13870,242,548216,438,27,27,27,0,0,0,31,32,1500,52,52,1500,13870.0,548216.0,1679,20,272908,196,110960000,90760704,292,0,4,32,352,65160,34752,36608,143,0,0,0,0.0,0,Benign
18495,143,6,4.0,7818,122,15760,126,27,27,27,0,0,0,31,32,1500,52,52,1500,7818.0,15760.0,2241,29,6212,31,62544000,126080000,222,16,6,2,2,50680,47784,49408,193,0,0,0,0.0,0,Benign
23235,21212,6,0.0,2750,44,27294,46,27,27,27,0,0,0,31,32,1352,52,52,1352,2750.0,27294.0,539,6,13227,15,22000000,218352000,70,0,0,2,18,27512,14480,6912,27,0,0,0,0.0,0,Benign
62877,21,6,1.0,261,5,469,7,24,24,24,0,0,0,31,32,89,52,52,89,708.0,711.0,74,1,89,1,4656000,4584000,23,0,0,0,0,8688,8688,18944,74,0,0,0,230.0,0,Benign
18117,21,6,1.0,2383,43,3234,45,24,24,24,0,0,0,31,32,106,52,52,106,2830.0,3476.0,563,9,1068,12,12760000,14984000,99,0,0,0,0,24616,20272,13056,51,0,0,0,221.0,0,Benign
31975,22856,17,0.0,528,4,304,4,0,0,0,0,0,0,31,32,148,52,52,148,528.0,304.0,0,0,0,0,4224000,2432000,6,2,0,0,0,0,0,0,0,0,0,0,0.0,0,Benign
51503,53,17,0.0,130,2,162,2,0,0,0,0,0,0,31,31,81,65,65,81,130.0,162.0,0,0,0,0,1040000,1296000,4,0,0,0,0,0,0,0,0,27786,1,60,0.0,0,Benign
54514,55734,6,0.0,2854,46,31250,46,27,27,27,0,0,0,31,32,1352,52,52,1352,2854.0,31250.0,539,6,15257,16,22832000,250000000,70,0,0,0,22,28960,14480,6912,27,0,0,0,0.0,0,Benign
28019,53,17,0.0,146,2,178,2,0,0,0,0,0,0,31,31,89,73,73,89,146.0,178.0,0,0,0,0,1168000,1424000,4,0,0,0,0,0,0,0,0,51414,1,60,0.0,0,Benign
80,56917,6,7.0,1552,24,124884,100,19,19,19,0,0,0,254,255,1500,40,40,1500,1552.0,124884.0,320,1,62314,47,12416000,999072000,34,0,8,0,82,16383,16383,16384,64,0,0,0,0.0,1,Exploits
46577,1734,6,0.0,3614,60,44406,62,27,27,27,0,0,0,31,32,1352,52,52,1352,3614.0,44406.0,555,6,21783,23,28912000,355248000,86,0,6,0,30,39096,14480,11008,43,0,0,0,0.0,0,Benign
54635,21,6,1.0,1817,33,2512,35,24,24,24,4294952,15,15,31,32,106,52,52,106,2264.0,2754.0,436,7,793,9,1600000,1432000,79,0,0,0,0,20272,17376,46080,180,0,0,0,229.0,0,Benign
5754,6881,6,0.0,1540,16,1644,18,27,27,27,0,0,0,31,32,329,52,52,329,1540.0,1644.0,506,3,506,3,12320000,13152000,30,0,4,0,0,10136,10136,64000,250,0,0,0,0.0,0,Benign
18180,21,6,1.0,261,5,469,7,24,24,24,0,0,0,31,32,89,52,52,89,708.0,711.0,74,1,89,1,4656000,4584000,23,0,0,0,0,8688,8688,18944,74,0,0,0,230.0,0,Benign
32817,22,6,92.0,9608,110,12298,114,27,27,27,0,0,0,31,32,900,52,52,900,9608.0,12298.0,3240,25,4741,30,76864000,98384000,214,0,4,6,0,49232,41992,43008,168,0,0,0,0.0,0,Benign
29886,51692,6,0.0,2854,46,30136,48,27,27,27,0,0,0,31,32,1352,52,52,1352,2854.0,30136.0,539,6,14648,16,22832000,241088000,70,2,0,2,20,28960,14480,6912,27,0,0,0,0.0,0,Benign
8575,7210,6,0.0,4096,18,2456,18,27,27,27,0,0,0,31,32,940,52,52,940,4096.0,2456.0,1888,6,1068,6,32768000,19648000,14,18,2,2,0,14480,14480,24576,96,0,0,0,0.0,0,Benign
53543,80,6,7.0,1028,8,822,10,27,27,27,0,0,0,31,32,354,52,52,354,1028.0,822.0,354,1,199,1,8224000,6576000,14,2,2,0,0,7240,7240,25088,98,0,0,0,0.0,0,Benign
25020,53,17,0.0,146,2,178,2,0,0,0,0,0,0,31,31,89,73,73,89,146.0,178.0,0,0,0,0,1168000,1424000,4,0,0,0,0,0,0,0,0,50201,1,60,0.0,0,Benign
8940,38077,6,0.0,8928,14,320,6,27,27,19,0,0,0,31,32,1500,52,52,1500,8928.0,320.0,4252,3,0,0,71424000,2560000,14,0,0,0,6,5792,10136,39936,156,0,0,0,0.0,0,Benign
59856,80,6,7.0,1684,14,10168,18,27,27,27,4294951,16,16,31,32,1500,52,52,1500,1684.0,10168.0,578,2,4820,4,792000,4784000,20,0,6,0,6,11584,8688,16896,66,0,0,0,0.0,0,Benign
42253,53,17,0.0,130,2,162,2,0,0,0,0,0,0,31,31,81,65,65,81,130.0,162.0,0,0,0,0,1040000,1296000,4,0,0,0,0,0,0,0,0,168,1,60,0.0,0,Benign
65191,80,6,7.0,492,10,336,8,19,19,19,4294951,16,16,254,255,70,40,40,70,492.0,336.0,70,1,0,0,224000,152000,18,0,0,0,0,16383,16383,17920,70,0,0,0,0.0,1,Fuzzers
1951,21876,6,0.0,2766,44,28892,46,27,27,27,0,0,0,31,32,1366,52,52,1366,2766.0,28892.0,547,6,14026,15,22128000,231136000,70,0,0,0,20,27512,14480,8960,35,0,0,0,0.0,0,Benign
35598,6881,6,0.0,2960,42,64718,66,27,27,27,0,0,0,31,32,1500,52,52,1500,2960.0,64718.0,644,5,31939,25,23680000,517744000,60,0,4,4,40,41992,13032,33792,132,0,0,0,0.0,0,Benign
57038,19165,6,0.0,2750,44,26406,46,27,27,27,0,0,0,31,32,1352,52,52,1352,2750.0,26406.0,539,6,12783,15,22000000,211248000,72,0,0,0,18,27512,14480,6912,27,0,0,0,0.0,0,Benign
62823,80,6,7.0,1684,14,10168,18,27,27,27,0,0,0,31,32,1500,52,52,1500,1684.0,10168.0,578,2,4820,4,13472000,81344000,20,0,6,0,6,11584,8688,16896,66,0,0,0,0.0,0,Benign
9502,7267,6,0.0,4550,78,72372,80,27,27,27,0,0,0,31,32,1352,52,52,1352,4550.0,72372.0,555,6,35766,32,36400000,578976000,104,0,0,6,48,52128,14480,11008,43,0,0,0,0.0,0,Benign
61246,21,6,1.0,1493,27,2056,29,24,24,24,4294952,15,15,31,32,106,52,52,106,1940.0,2298.0,378,6,611,7,1280000,1448000,67,0,0,0,0,17376,15928,31232,122,0,0,0,125.0,0,Benign
45243,43961,6,0.0,4176,20,2704,24,25,25,25,0,0,0,31,32,1020,52,52,1020,4176.0,2704.0,1828,5,988,5,33408000,21632000,24,16,2,2,0,14480,14480,9216,36,0,0,0,0.0,0,Benign
61230,53,17,0.0,132,2,164,2,0,0,0,0,0,0,31,31,82,66,66,82,132.0,164.0,0,0,0,0,1056000,1312000,4,0,0,0,0,0,0,0,0,19083,1,60,0.0,0,Benign
21146,5190,6,0.0,2062,24,2424,26,27,27,27,0,0,0,31,32,485,52,52,485,2062.0,2424.0,663,5,844,6,16496000,19392000,46,0,4,0,0,14480,13032,38656,151,0,0,0,0.0,0,Benign
40515,7864,17,0.0,528,4,304,4,0,0,0,0,0,0,31,32,148,52,52,148,528.0,304.0,0,0,0,0,4224000,2432000,6,2,0,0,0,0,0,0,0,0,0,0,0.0,0,Benign
12776,9097,6,0.0,2974,48,30612,50,27,27,27,0,0,0,31,32,1352,52,52,1352,2974.0,30612.0,547,6,14886,17,23792000,244896000,74,0,4,0,20,30408,14480,8960,35,0,0,0,0.0,0,Benign
47759,5842,6,0.0,4238,72,61854,74,27,27,27,0,0,0,31,32,1352,52,52,1352,4238.0,61854.0,555,6,30507,29,33904000,494832000,98,0,0,6,42,47784,14480,11008,43,0,0,0,0.0,0,Benign
42252,80,6,7.0,19722,370,1087890,746,27,27,27,0,0,0,31,32,1500,52,52,1500,19722.0,1087890.0,289,1,543733,369,157776000,113185408,376,0,20,0,720,65160,7240,8448,33,0,0,0,0.0,0,Benign
52570,25,6,3.0,37184,52,3380,42,27,27,27,0,0,0,31,32,1500,52,52,1500,37184.0,3380.0,18120,17,958,7,297472000,27040000,66,2,2,0,24,15928,30408,51200,200,0,0,0,0.0,0,Benign
33658,111,17,0.0,568,4,304,4,0,0,0,0,0,0,31,32,142,76,76,142,568.0,304.0,0,0,0,0,4544000,2432000,4,4,0,0,0,0,0,0,0,0,0,0,0.0,0,Benign
49518,48157,6,0.0,2542,40,23278,42,27,27,27,0,0,0,31,32,1352,52,52,1352,2542.0,23278.0,539,6,11219,13,20336000,186224000,66,0,0,0,16,24616,14480,6912,27,0,0,0,0.0,0,Benign
54561,860,6,0.0,986,6,80,2,18,18,18,0,0,0,62,63,413,40,40,413,986.0,80.0,413,1,0,0,7888000,640000,6,0,2,0,0,54609,63624,40192,157,0,0,0,0.0,0,Benign
43996,6881,6,0.0,37386,672,1641360,1278,27,27,27,4294952,15,15,31,32,1500,52,52,1500,2516012300.0,1094580600000.0,4025,54,817712,582,149336000,2270264704,794,0,4,96,1056,65160,65160,47360,185,0,0,0,0.0,0,Benign
43732,47550,17,0.0,528,4,304,4,0,0,0,0,0,0,31,32,148,52,52,148,528.0,304.0,0,0,0,0,4224000,2432000,6,2,0,0,0,0,0,0,0,0,0,0,0.0,0,Benign
14747,143,6,4.0,7816,122,15582,126,27,27,27,0,0,0,31,32,1500,52,52,1500,7816.0,15582.0,2240,29,6123,31,62528000,124656000,222,16,6,2,2,50680,47784,49152,192,0,0,0,0.0,0,Benign
24692,21,6,1.0,2059,37,2816,39,24,24,24,0,0,0,31,32,106,52,52,106,2506.0,3058.0,505,8,887,10,11664000,13552000,87,0,0,0,0,21720,18824,63744,249,0,0,0,125.0,0,Benign
6073,21,6,1.0,376,7,578,10,25,25,25,0,0,0,31,32,75,52,52,75,376.0,578.0,58,1,133,2,2592000,3560000,17,0,0,0,0,26064,20272,14848,58,0,0,0,0.0,0,Benign
45618,54503,6,0.0,3926,66,55114,68,27,27,27,0,0,0,31,32,1352,52,52,1352,3926.0,55114.0,555,6,27137,26,31408000,440912000,92,0,0,6,36,43440,14480,11008,43,0,0,0,0.0,0,Benign
65494,80,6,7.0,1684,14,10168,18,27,27,27,0,0,0,31,32,1500,52,52,1500,1684.0,10168.0,578,2,4820,4,13472000,81344000,20,0,6,0,6,11584,8688,16896,66,0,0,0,0.0,0,Benign
19745,179,6,13.0,68006,60,656,16,19,19,19,4294952,15,15,254,255,1500,40,40,1500,68006.0,656.0,33827,26,0,0,34000000,328000,28,0,4,0,44,16383,16383,8960,35,0,0,0,0.0,1,Fuzzers
23316,5190,6,0.0,2062,24,2424,26,27,27,27,0,0,0,31,32,485,52,52,485,2062.0,2424.0,663,5,844,6,16496000,19392000,46,0,4,0,0,14480,13032,38656,151,0,0,0,0.0,0,Benign
29980,21,6,1.0,1251,23,1752,25,24,24,24,0,0,0,31,32,106,52,52,106,1698.0,1994.0,309,5,517,6,8552000,9520000,59,0,0,0,0,15928,14480,13568,53,0,0,0,229.0,0,Benign
59748,20659,6,0.0,4528,20,2560,20,27,27,27,0,0,0,31,32,1104,52,52,1104,4528.0,2560.0,2052,6,1068,6,36224000,20480000,18,18,2,0,2,14480,14480,1024,4,0,0,0,0.0,0,Benign
38849,5190,6,0.0,1036,12,2262,12,27,27,27,0,0,0,31,32,829,52,52,829,1036.0,2262.0,358,3,971,3,8288000,18096000,20,2,0,2,0,10136,10136,26112,102,0,0,0,0.0,0,Benign
23061,111,17,0.0,568,4,312,4,0,0,0,0,0,0,31,32,142,76,76,142,568.0,312.0,0,0,0,0,4544000,2496000,4,4,0,0,0,0,0,0,0,0,0,0,0.0,0,Benign
40014,21,6,1.0,1493,27,2056,29,24,24,24,0,0,0,31,32,106,52,52,106,1940.0,2298.0,378,6,611,7,9544000,10784000,67,0,0,0,0,17376,15928,31232,122,0,0,0,125.0,0,Benign
14569,38906,17,0.0,520,4,304,4,0,0,0,0,0,0,31,32,144,52,52,144,520.0,304.0,0,0,0,0,4160000,2432000,6,2,0,0,0,0,0,0,0,0,0,0,0.0,0,Benign
29954,5190,6,0.0,1958,22,2308,24,27,27,27,0,0,0,31,32,485,52,52,485,1958.0,2308.0,663,5,786,5,15664000,18464000,42,0,4,0,0,13032,13032,38656,151,0,0,0,0.0,0,Benign
54682,54207,6,0.0,3806,64,51318,64,27,27,27,0,0,0,31,32,1352,52,52,1352,3806.0,51318.0,547,6,25291,25,30448000,410544000,88,4,0,0,36,41992,14480,8960,35,0,0,0,0.0,0,Benign
3365,53,17,0.0,130,2,162,2,0,0,0,0,0,0,31,31,81,65,65,81,130.0,162.0,0,0,0,0,1040000,1296000,4,0,0,0,0,0,0,0,0,43136,1,60,0.0,0,Benign
16550,41639,6,0.0,3614,60,44230,62,27,27,27,0,0,0,31,32,1352,52,52,1352,3614.0,44230.0,555,6,21695,23,28912000,353840000,86,0,6,0,30,39096,14480,11008,43,0,0,0,0.0,0,Benign
1045,22,6,92.0,12752,128,13202,124,27,27,27,0,0,0,31,32,900,52,52,900,12752.0,13202.0,4812,34,5037,32,102016000,105616000,222,20,4,6,0,52128,55024,52224,204,0,0,0,0.0,0,Benign
26915,53,17,0.0,146,2,178,2,0,0,0,0,0,0,31,31,89,73,73,89,146.0,178.0,0,0,0,0,1168000,1424000,4,0,0,0,0,0,0,0,0,52358,1,60,0.0,0,Benign
41119,53,17,0.0,132,2,164,2,0,0,0,0,0,0,31,31,82,66,66,82,132.0,164.0,0,0,0,0,1056000,1312000,4,0,0,0,0,0,0,0,0,1338,1,60,0.0,0,Benign
58663,20786,6,0.0,2558,40,23148,42,27,27,27,0,0,0,31,32,1352,52,52,1352,2558.0,23148.0,547,6,11154,13,20464000,185184000,66,0,0,0,16,24616,14480,8960,35,0,0,0,0.0,0,Benign
42709,80,6,7.0,1580,12,10168,18,27,27,27,0,0,0,31,32,1500,52,52,1500,1580.0,10168.0,578,2,4820,4,12640000,81344000,18,0,6,0,6,11584,8688,16896,66,0,0,0,0.0,0,Benign
1870,46893,6,0.0,424,8,8824,12,27,19,27,0,0,0,31,32,1500,52,52,1500,424.0,8824.0,0,0,4252,3,3392000,70592000,14,0,0,0,6,10136,5792,0,0,0,0,0,0.0,0,Benign
18870,5190,6,0.0,1920,22,4312,24,27,27,27,0,0,0,31,32,1097,52,52,1097,1920.0,4312.0,644,5,1788,5,15360000,34496000,40,0,4,0,2,13032,13032,33792,132,0,0,0,0.0,0,Benign
15949,25,6,3.0,37210,52,3380,42,27,27,27,0,0,0,31,32,1500,52,52,1500,37210.0,3380.0,18133,17,958,7,297680000,27040000,66,2,2,0,24,15928,30408,54528,213,0,0,0,0.0,0,Benign
49220,47340,6,0.0,5174,90,91160,92,27,27,27,0,0,0,31,32,1369,52,52,1369,5174.0,91160.0,555,6,45160,38,41392000,729280000,116,0,0,0,66,60816,14480,11008,43,0,0,0,0.0,0,Benign
5923,21,6,1.0,1031,19,1474,21,24,24,24,0,0,0,31,32,106,52,52,106,1478.0,1716.0,251,4,437,5,7544000,8240000,51,0,0,0,0,14480,13032,64256,251,0,0,0,230.0,0,Benign
19864,20824,6,0.0,3926,66,51770,68,27,27,27,0,0,0,31,32,1352,52,52,1352,3926.0,51770.0,555,6,25465,26,31408000,414160000,92,6,0,0,36,43440,14480,11008,43,0,0,0,0.0,0,Benign
24347,36120,6,0.0,2766,44,25742,46,27,27,27,0,0,0,31,32,1352,52,52,1352,2766.0,25742.0,547,6,12451,15,22128000,205936000,70,0,0,4,16,27512,14480,8960,35,0,0,0,0.0,0,Benign
54803,25097,6,0.0,3598,60,45562,62,27,27,27,0,0,0,31,32,1352,52,52,1352,3598.0,45562.0,547,6,22361,23,28784000,364496000,90,0,0,0,32,39096,14480,8960,35,0,0,0,0.0,0,Benign
10311,27934,6,0.0,8928,14,320,6,27,27,19,0,0,0,31,32,1500,52,52,1500,8928.0,320.0,4252,3,0,0,71424000,2560000,14,0,0,0,6,5792,10136,39936,156,0,0,0,0.0,0,Benign
56164,111,17,0.0,568,4,304,4,0,0,0,0,0,0,31,32,142,76,76,142,568.0,304.0,0,0,0,0,4544000,2432000,4,4,0,0,0,0,0,0,0,0,0,0,0.0,0,Benign
53769,21,6,1.0,2487,45,3496,50,25,25,25,0,0,0,31,32,106,52,52,106,2934.0,3738.0,563,9,1124,13,13736000,16328000,106,0,0,0,0,26064,20272,13056,51,0,0,0,0.0,0,Benign
53977,22,6,92.0,3624,30,5578,26,27,27,27,0,0,0,31,32,900,52,52,900,3624.0,5578.0,1340,6,2421,6,28992000,44624000,42,4,4,6,0,14480,14480,15360,60,0,0,0,0.0,0,Benign
26609,111,17,0.0,568,4,304,4,0,0,0,0,0,0,31,32,142,76,76,142,568.0,304.0,0,0,0,0,4544000,2432000,4,4,0,0,0,0,0,0,0,0,0,0,0.0,0,Benign
37368,3573,6,0.0,2542,40,23266,42,27,27,27,0,0,0,31,32,1352,52,52,1352,2542.0,23266.0,539,6,11213,13,20336000,186128000,66,0,0,0,16,24616,14480,6912,27,0,0,0,0.0,0,Benign
8817,21,6,1.0,9,1,193,3,24,24,16,0,0,0,31,32,89,52,52,89,456.0,435.0,0,0,0,0,3648000,3480000,15,0,0,0,0,0,7240,0,0,0,0,0,331.0,0,Benign
53652,6881,6,0.0,505,7,666,10,25,25,25,0,0,0,31,32,120,52,52,120,505.0,666.0,120,1,177,2,4040000,5328000,17,0,0,0,0,10136,10136,30720,120,0,0,0,0.0,0,Benign
26090,53,17,0.0,130,2,162,2,0,0,0,0,0,0,31,31,81,65,65,81,130.0,162.0,0,0,0,0,1040000,1296000,4,0,0,0,0,0,0,0,0,49231,1,60,0.0,0,Benign
15123,25885,6,0.0,424,8,8824,12,27,19,27,4294951,16,0,31,32,1500,52,52,1500,424.0,8824.0,0,0,4252,3,192000,70592000,14,0,0,0,6,10136,5792,0,0,0,0,0,0.0,0,Benign
47168,31781,6,0.0,4862,84,76262,86,27,27,27,0,0,0,31,32,1352,52,52,1352,4862.0,76262.0,555,6,37711,35,38896000,610096000,110,6,0,0,54,56472,14480,11008,43,0,0,0,0.0,0,Benign
6399,21,6,1.0,481,9,750,11,24,24,24,0,0,0,31,32,94,52,52,94,928.0,992.0,132,2,172,2,5576000,5696000,31,0,0,0,0,10136,10136,33792,132,0,0,0,229.0,0,Benign
63898,21,6,1.0,261,5,469,7,24,24,24,0,0,0,31,32,89,52,52,89,708.0,711.0,74,1,89,1,4656000,4584000,23,0,0,0,0,8688,8688,18944,74,0,0,0,230.0,0,Benign
37871,34644,6,0.0,320,6,1890,8,27,19,27,0,0,0,31,32,785,52,52,785,320.0,1890.0,0,0,785,1,2560000,15120000,12,0,0,2,0,7240,5792,0,0,0,0,0,0.0,0,Benign
18688,80,6,7.0,1580,12,10168,18,27,27,27,0,0,0,31,32,1500,52,52,1500,1580.0,10168.0,578,2,3320,3,12640000,81344000,18,0,6,0,6,8688,8688,16896,66,0,0,0,0.0,0,Benign
54525,111,17,0.0,568,4,320,4,0,0,0,0,0,0,31,32,142,80,80,142,568.0,320.0,0,0,0,0,4544000,2560000,4,4,0,0,0,0,0,0,0,0,0,0,0.0,0,Benign
13234,80,6,7.0,18474,346,1087890,746,27,27,27,4294951,16,16,31,32,1500,52,52,1500,18474.0,1087890.0,289,1,543733,369,8688000,511944000,352,0,20,0,720,65160,7240,8448,33,0,0,0,0.0,0,Benign
4017,6881,6,0.0,3722,56,103280,96,27,27,27,0,0,0,31,32,1500,52,52,1500,3722.0,103280.0,713,6,51168,39,29776000,826240000,78,0,4,4,66,62264,14480,51456,201,0,0,0,0.0,0,Benign
36760,16008,6,0.0,4568,18,2456,18,27,27,27,0,0,0,31,32,1176,52,52,1176,4568.0,2456.0,2124,6,1068,6,36544000,19648000,14,18,2,0,2,14480,14480,19456,76,0,0,0,0.0,0,Benign
32690,3416,6,0.0,2334,36,17466,38,27,27,27,0,0,0,31,32,1352,52,52,1352,2334.0,17466.0,539,6,8313,11,18672000,139728000,62,0,0,0,12,21720,14480,6912,27,0,0,0,0.0,0,Benign
6354,80,6,7.0,17434,326,1087900,746,27,27,27,4294935,32,32,31,32,1500,52,52,1500,17434.0,1087900.0,289,1,542238,368,4224000,263728000,332,0,20,0,720,65160,7240,8448,33,0,0,0,0.0,0,Benign
24565,21,6,1.0,2059,37,2816,39,24,24,24,0,0,0,31,32,106,52,52,106,2506.0,3058.0,505,8,887,10,11664000,13552000,87,0,0,0,0,21720,18824,63744,249,0,0,0,125.0,0,Benign
32131,26175,6,0.0,3718,62,50036,62,27,27,27,0,0,0,31,32,1352,52,52,1352,3718.0,50036.0,555,6,24598,23,29744000,400288000,88,0,0,0,36,39096,14480,11008,43,0,0,0,0.0,0,Benign
50532,21,6,1.0,2383,43,3232,45,24,24,24,0,0,0,31,32,106,52,52,106,2830.0,3474.0,563,9,1067,12,12760000,14968000,99,0,0,0,0,24616,20272,13056,51,0,0,0,221.0,0,Benign
65179,41870,6,0.0,2958,48,30654,48,27,27,27,0,0,0,31,32,1352,52,52,1352,2958.0,30654.0,539,6,14907,16,23664000,245232000,74,0,0,2,20,28960,14480,6912,27,0,0,0,0.0,0,Benign
52993,55277,6,0.0,2854,46,26584,46,27,27,27,0,0,0,31,32,1352,52,52,1352,2854.0,26584.0,539,6,12872,15,22832000,212672000,72,2,0,0,18,27512,14480,6912,27,0,0,0,0.0,0,Benign
18023,45963,6,0.0,320,6,1860,8,27,19,27,0,0,0,31,32,770,52,52,770,320.0,1860.0,0,0,770,1,2560000,14880000,12,0,0,2,0,7240,5792,0,0,0,0,0,0.0,0,Benign
8875,80,6,7.0,1580,12,10168,18,27,27,27,0,0,0,31,32,1500,52,52,1500,1580.0,10168.0,578,2,4820,4,12640000,81344000,18,0,6,0,6,11584,8688,16896,66,0,0,0,0.0,0,Benign
9917,44557,6,0.0,3776,18,2456,18,27,27,27,0,0,0,31,32,780,52,52,780,3776.0,2456.0,1728,6,1068,6,30208000,19648000,14,18,2,2,0,14480,14480,49152,192,0,0,0,0.0,0,Benign
35296,21,6,1.0,1493,27,2056,29,24,24,24,0,0,0,31,32,106,52,52,106,1940.0,2298.0,378,6,611,7,9544000,10784000,67,0,0,0,0,17376,15928,31232,122,0,0,0,125.0,0,Benign
58558,111,17,0.0,568,4,312,4,0,0,0,0,0,0,31,32,142,76,76,142,568.0,312.0,0,0,0,0,4544000,2496000,4,4,0,0,0,0,0,0,0,0,0,0,0.0,0,Benign
3276,25,6,3.0,37360,52,3276,40,27,27,27,0,0,0,31,32,1500,52,52,1500,37360.0,3276.0,18208,17,958,7,298880000,26208000,64,2,2,0,24,15928,30408,8192,32,0,0,0,0.0,0,Benign
55202,25562,6,0.0,5486,96,92746,98,27,27,27,0,0,0,31,32,1352,52,52,1352,5486.0,92746.0,555,6,45953,41,43888000,741968000,120,2,6,0,66,65160,14480,11008,43,0,0,0,0.0,0,Benign
22462,25,6,3.0,37366,52,3380,42,27,27,27,0,0,0,31,32,1500,52,52,1500,37366.0,3380.0,18211,17,958,7,298928000,27040000,66,2,2,0,24,15928,30408,8960,35,0,0,0,0.0,0,Benign
47290,22922,6,0.0,4238,72,66846,74,27,27,27,0,0,0,31,32,1378,52,52,1378,4238.0,66846.0,555,6,33003,29,33904000,534768000,98,0,0,0,48,47784,14480,11008,43,0,0,0,0.0,0,Benign
28780,28875,6,0.0,8928,14,320,6,27,27,19,0,0,0,31,32,1500,52,52,1500,8928.0,320.0,4252,3,0,0,71424000,2560000,14,0,0,0,6,5792,10136,39936,156,0,0,0,0.0,0,Benign
41757,21,6,1.0,1817,33,2512,35,24,24,24,0,0,0,31,32,106,52,52,106,2264.0,2754.0,436,7,793,9,10616000,12192000,79,0,0,0,0,20272,17376,46080,180,0,0,0,229.0,0,Benign
39398,45762,6,0.0,2438,38,20576,40,27,27,27,0,0,0,31,32,1352,52,52,1352,2438.0,20576.0,539,6,9868,12,19504000,164608000,64,0,0,0,14,23168,14480,6912,27,0,0,0,0.0,0,Benign
4132,53,17,0.0,130,2,162,2,0,0,0,0,0,0,31,31,81,65,65,81,130.0,162.0,0,0,0,0,1040000,1296000,4,0,0,0,0,0,0,0,0,46465,1,60,0.0,0,Benign
32828,22,6,92.0,3728,32,5474,24,27,27,27,0,0,0,31,32,900,52,52,900,3728.0,5474.0,1340,6,2421,6,29824000,43792000,42,4,4,6,0,14480,14480,15360,60,0,0,0,0.0,0,Benign
36745,21,6,1.0,1251,23,1752,25,24,24,24,0,0,0,31,32,106,52,52,106,1698.0,1994.0,309,5,517,6,8552000,9520000,59,0,0,0,0,15928,14480,13568,53,0,0,0,229.0,0,Benign
11536,39283,6,0.0,4394,75,66568,76,27,27,27,0,0,0,31,32,1352,52,52,1352,4394.0,66568.0,555,6,32864,30,35152000,532544000,101,0,0,4,46,60816,14480,11008,43,0,0,0,0.0,0,Benign
29629,5190,6,0.0,1036,12,2262,12,27,27,27,0,0,0,31,32,829,52,52,829,1036.0,2262.0,358,3,971,3,8288000,18096000,20,2,0,2,0,10136,10136,26112,102,0,0,0,0.0,0,Benign
41561,80,6,7.0,1580,12,10168,18,27,27,27,0,0,0,31,32,1500,52,52,1500,1580.0,10168.0,578,2,4820,4,12640000,81344000,18,0,6,0,6,11584,8688,16896,66,0,0,0,0.0,0,Benign
23496,58099,6,0.0,1970,29,8414,28,26,26,26,0,0,0,31,32,1352,52,52,1352,1970.0,8414.0,539,6,3891,8,15760000,67312000,51,0,0,2,4,18824,14480,6912,27,0,0,0,0.0,0,Benign
4797,5190,6,0.0,1958,22,2308,24,27,27,27,0,0,0,31,32,485,52,52,485,1958.0,2308.0,663,5,786,5,15664000,18464000,42,0,4,0,0,13032,13032,38656,151,0,0,0,0.0,0,Benign
53111,31773,6,0.0,2230,34,15258,36,27,27,27,0,0,0,31,32,1352,52,52,1352,2230.0,15258.0,539,6,7209,10,17840000,122064000,60,0,0,0,10,20272,14480,6912,27,0,0,0,0.0,0,Benign
62699,44609,17,0.0,512,4,304,4,0,0,0,0,0,0,31,32,140,52,52,140,512.0,304.0,0,0,0,0,4096000,2432000,6,2,0,0,0,0,0,0,0,0,0,0,0.0,0,Benign
39972,37939,6,0.0,2230,34,14474,38,27,27,27,0,0,0,31,32,1352,52,52,1352,2230.0,14474.0,539,6,6765,10,17840000,115792000,62,0,0,2,8,20272,14480,6912,27,0,0,0,0.0,0,Benign
30596,21,6,1.0,2487,45,3500,50,25,25,25,0,0,0,31,32,106,52,52,106,2934.0,3742.0,563,9,1126,13,13736000,16336000,106,0,0,0,0,26064,20272,13056,51,0,0,0,0.0,0,Benign
10597,10229,6,0.0,2750,44,27620,46,27,27,27,0,0,0,31,32,1352,52,52,1352,2750.0,27620.0,539,6,13390,15,22000000,220960000,70,0,0,2,18,27512,14480,6912,27,0,0,0,0.0,0,Benign
37399,45089,17,0.0,528,4,304,4,0,0,0,0,0,0,31,32,148,52,52,148,528.0,304.0,0,0,0,0,4224000,2432000,6,2,0,0,0,0,0,0,0,0,0,0,0.0,0,Benign
25237,111,17,0.0,568,4,320,4,0,0,0,0,0,0,31,32,142,80,80,142,568.0,320.0,0,0,0,0,4544000,2560000,4,4,0,0,0,0,0,0,0,0,0,0,0.0,0,Benign
15139,29895,6,0.0,320,6,1918,8,27,19,27,0,0,0,31,32,799,52,52,799,320.0,1918.0,0,0,799,1,2560000,15344000,12,0,0,2,0,7240,5792,0,0,0,0,0,0.0,0,Benign
20098,64434,6,0.0,3926,66,57624,68,27,27,27,0,0,0,31,32,1352,52,52,1352,3926.0,57624.0,555,6,28392,26,31408000,460992000,92,0,0,0,42,43440,14480,11008,43,0,0,0,0.0,0,Benign
2057,80,6,7.0,772,10,1042,8,27,27,19,0,0,0,62,63,393,40,40,393,772.0,1042.0,210,1,393,1,6176000,8336000,14,2,2,0,0,16383,16383,53760,210,0,0,0,0.0,1,Exploits
7834,53,17,0.0,130,2,162,2,0,0,0,0,0,0,31,31,81,65,65,81,130.0,162.0,0,0,0,0,1040000,1296000,4,0,0,0,0,0,0,0,0,47935,1,60,0.0,0,Benign
48876,2535,6,0.0,2766,44,28404,46,27,27,27,4294951,16,16,31,32,1352,52,52,1352,2766.0,28404.0,547,6,13782,15,1296000,13360000,70,0,0,0,20,27512,14480,8960,35,0,0,0,0.0,0,Benign
42965,5190,6,0.0,1272,16,2572,18,27,27,27,0,0,0,31,32,828,52,52,828,1272.0,2572.0,372,3,970,3,10176000,20576000,30,2,0,2,0,10136,10136,29696,116,0,0,0,0.0,0,Benign
14227,21,6,1.0,2059,37,2814,39,24,24,24,0,0,0,31,32,106,52,52,106,2506.0,3056.0,505,8,886,10,11664000,13552000,87,0,0,0,0,21720,18824,63744,249,0,0,0,125.0,0,Benign
21671,19561,6,0.0,2542,40,23508,42,27,27,27,0,0,0,31,32,1359,52,52,1359,2542.0,23508.0,539,6,11334,13,20336000,188064000,64,2,0,0,16,24616,14480,6912,27,0,0,0,0.0,0,Benign
18988,21,6,1.0,261,5,469,7,24,24,24,0,0,0,31,32,89,52,52,89,708.0,711.0,74,1,89,1,4656000,4584000,23,0,0,0,0,8688,8688,18944,74,0,0,0,230.0,0,Benign
51590,20642,6,0.0,3614,60,46932,62,27,27,27,0,0,0,31,32,1352,52,52,1352,3614.0,46932.0,555,6,23046,23,28912000,375456000,86,0,0,6,30,39096,14480,11008,43,0,0,0,0.0,0,Benign
63661,53,17,0.0,130,2,162,2,0,0,0,0,0,0,31,31,81,65,65,81,130.0,162.0,0,0,0,0,1040000,1296000,4,0,0,0,0,0,0,0,0,23816,1,60,0.0,0,Benign
3687,80,6,7.0,1684,14,10168,18,27,27,27,0,0,0,31,32,1500,52,52,1500,1684.0,10168.0,578,2,4820,4,13472000,81344000,20,0,6,0,6,11584,8688,16896,66,0,0,0,0.0,0,Benign
41790,21,6,1.0,701,13,1054,15,24,24,24,0,0,0,31,32,106,52,52,106,1148.0,1296.0,190,3,266,3,6480000,6864000,39,0,0,0,0,11584,11584,48640,190,0,0,0,125.0,0,Benign
31866,5190,6,0.0,2054,22,2478,24,27,27,27,0,0,0,31,32,433,52,52,433,2054.0,2478.0,711,5,871,5,16432000,19824000,38,4,4,0,0,13032,13032,50944,199,0,0,0,0.0,0,Benign
23127,53,17,0.0,146,2,178,2,0,0,0,0,0,0,31,31,89,73,73,89,146.0,178.0,0,0,0,0,1168000,1424000,4,0,0,0,0,0,0,0,0,65522,1,60,0.0,0,Benign
35471,2869,6,0.0,8928,14,320,6,27,27,19,0,0,0,31,32,1500,52,52,1500,8928.0,320.0,4252,3,0,0,71424000,2560000,14,0,0,0,6,5792,10136,39936,156,0,0,0,0.0,0,Benign
27905,21,6,1.0,2383,43,3234,45,24,24,24,0,0,0,31,32,106,52,52,106,2830.0,3476.0,563,9,1068,12,12760000,14984000,99,0,0,0,0,24616,20272,13056,51,0,0,0,221.0,0,Benign
44000,4169,6,0.0,4550,78,72164,80,27,27,27,0,0,0,31,32,1352,52,52,1352,4550.0,72164.0,555,6,35662,32,36400000,577312000,104,0,0,6,48,52128,14480,11008,43,0,0,0,0.0,0,Benign
2832,47347,6,0.0,3182,52,39076,54,27,27,27,0,0,0,31,32,1352,52,52,1352,3182.0,39076.0,547,6,19118,19,25456000,312608000,78,0,0,0,28,33304,14480,8960,35,0,0,0,0.0,0,Benign
59452,21,6,1.0,481,9,750,11,24,24,24,0,0,0,31,32,94,52,52,94,928.0,992.0,132,2,172,2,5576000,5696000,31,0,0,0,0,10136,10136,33792,132,0,0,0,229.0,0,Benign
13994,21,6,1.0,2383,43,3234,45,24,24,24,0,0,0,31,32,106,52,52,106,2830.0,3476.0,563,9,1068,12,12760000,14984000,99,0,0,0,0,24616,20272,13056,51,0,0,0,221.0,0,Benign
63601,63811,6,0.0,2542,40,23432,42,27,27,27,0,0,0,31,32,1352,52,52,1352,2542.0,23432.0,539,6,11296,13,20336000,187456000,66,0,0,0,16,24616,14480,6912,27,0,0,0,0.0,0,Benign
63831,21,6,1.0,1251,23,1751,25,24,24,24,0,0,0,31,32,106,52,52,106,1698.0,1993.0,309,5,517,6,8552000,9520000,59,0,0,0,0,15928,14480,13568,53,0,0,0,229.0,0,Benign
16011,14108,17,0.0,536,4,304,4,0,0,0,0,0,0,31,32,152,52,52,152,536.0,304.0,0,0,0,0,4288000,2432000,6,2,0,0,0,0,0,0,0,0,0,0,0.0,0,Benign
29006,47711,6,0.0,2854,46,29122,48,27,27,27,0,0,0,31,32,1352,52,52,1352,2854.0,29122.0,539,6,14141,16,22832000,232976000,74,0,0,0,20,28960,14480,6912,27,0,0,0,0.0,0,Benign
45573,62364,6,0.0,424,8,8824,12,27,19,27,0,0,0,31,32,1500,52,52,1500,424.0,8824.0,0,0,4252,3,3392000,70592000,14,0,0,0,6,10136,5792,0,0,0,0,0,0.0,0,Benign
27287,111,17,0.0,568,4,304,4,0,0,0,0,0,0,31,32,142,76,76,142,568.0,304.0,0,0,0,0,4544000,2432000,4,4,0,0,0,0,0,0,0,0,0,0,0.0,0,Benign
14544,21,6,1.0,1031,19,1472,21,24,24,24,0,0,0,31,32,106,52,52,106,1478.0,1714.0,251,4,436,5,7544000,8232000,51,0,0,0,0,14480,13032,64256,251,0,0,0,230.0,0,Benign
30700,31316,6,0.0,4862,84,78556,86,27,27,27,0,0,0,31,32,1352,52,52,1352,4862.0,78556.0,555,6,38858,35,38896000,628448000,110,0,0,6,54,56472,14480,11008,43,0,0,0,0.0,0,Benign
53755,111,6,0.0,552,10,336,8,19,19,19,4294951,16,16,254,255,100,40,40,100,552.0,336.0,100,1,0,0,256000,152000,18,0,0,0,0,16383,16383,25600,100,0,0,0,0.0,1,Reconnaissance
42632,5901,6,0.0,5486,96,95318,98,27,27,27,0,0,0,31,32,1352,52,52,1352,5486.0,95318.0,555,6,47239,41,43888000,762544000,122,0,0,6,66,65160,14480,11008,43,0,0,0,0.0,0,Benign
56257,21,6,1.0,1817,33,2512,35,24,24,24,0,0,0,31,32,106,52,52,106,2264.0,2754.0,436,7,793,9,10616000,12192000,79,0,0,0,0,20272,17376,46080,180,0,0,0,229.0,0,Benign
62930,5190,6,0.0,1036,12,2262,12,27,27,27,0,0,0,31,32,829,52,52,829,1036.0,2262.0,358,3,971,3,8288000,18096000,20,2,0,2,0,10136,10136,26112,102,0,0,0,0.0,0,Benign
24146,5190,6,0.0,1920,22,4312,24,27,27,27,0,0,0,31,32,1097,52,52,1097,1920.0,4312.0,644,5,1788,5,15360000,34496000,40,0,4,0,2,13032,13032,33792,132,0,0,0,0.0,0,Benign
17425,62701,6,0.0,3598,60,47288,62,27,27,27,0,0,0,31,32,1352,52,52,1352,3598.0,47288.0,547,6,23224,23,28784000,378304000,86,0,0,4,32,39096,14480,8960,35,0,0,0,0.0,0,Benign
47918,21,6,1.0,1251,23,1750,25,24,24,24,0,0,0,31,32,106,52,52,106,1698.0,1992.0,309,5,516,6,8552000,9512000,59,0,0,0,0,15928,14480,13568,53,0,0,0,229.0,0,Benign
53680,21,6,1.0,9,1,193,3,24,24,16,0,0,0,31,32,89,52,52,89,456.0,435.0,0,0,0,0,3648000,3480000,15,0,0,0,0,0,7240,0,0,0,0,0,331.0,0,Benign
42194,53,17,0.0,132,2,164,2,0,0,0,0,0,0,31,31,82,66,66,82,132.0,164.0,0,0,0,0,1056000,1312000,4,0,0,0,0,0,0,0,0,375,1,60,0.0,0,Benign
48679,53,17,0.0,146,2,178,2,0,0,0,0,0,0,31,31,89,73,73,89,146.0,178.0,0,0,0,0,1168000,1424000,4,0,0,0,0,0,0,0,0,7042,1,60,0.0,0,Benign
64255,21,6,1.0,481,9,750,11,24,24,24,0,0,0,31,32,94,52,52,94,928.0,992.0,132,2,172,2,5576000,5696000,31,0,0,0,0,10136,10136,33792,132,0,0,0,229.0,0,Benign
32972,50018,6,0.0,2750,44,26406,46,27,27,27,0,0,0,31,32,1352,52,52,1352,2750.0,26406.0,539,6,12783,15,22000000,211248000,72,0,0,0,18,27512,14480,6912,27,0,0,0,0.0,0,Benign
8704,21,6,1.0,1817,33,2512,35,24,24,24,0,0,0,31,32,106,52,52,106,2264.0,2754.0,436,7,793,9,10616000,12192000,79,0,0,0,0,20272,17376,46080,180,0,0,0,229.0,0,Benign
51882,80,6,7.0,1580,12,10168,18,27,27,27,0,0,0,31,32,1500,52,52,1500,1580.0,10168.0,578,2,4820,4,12640000,81344000,18,0,6,0,6,11584,8688,16896,66,0,0,0,0.0,0,Benign
1186,53,17,0.0,146,2,178,2,0,0,0,0,0,0,31,31,89,73,73,89,146.0,178.0,0,0,0,0,1168000,1424000,4,0,0,0,0,0,0,0,0,41223,1,60,0.0,0,Benign
32900,49160,6,0.0,8928,14,320,6,27,27,19,0,0,0,31,32,1500,52,52,1500,8928.0,320.0,4252,3,0,0,71424000,2560000,14,0,0,0,6,5792,10136,39936,156,0,0,0,0.0,0,Benign
24404,26274,17,0.0,216,4,90,2,0,0,0,0,0,0,254,255,74,34,34,74,216.0,90.0,0,0,0,0,1728000,720000,6,0,0,0,0,0,0,0,0,0,0,0,0.0,1,Backdoor
25142,80,6,7.0,1684,14,10168,18,27,27,27,0,0,0,31,32,1500,52,52,1500,1684.0,10168.0,578,2,4820,4,13472000,81344000,20,0,6,0,6,11584,8688,16896,66,0,0,0,0.0,0,Benign
64325,445,6,0.0,2010,12,832,10,19,19,19,0,0,0,254,255,652,40,40,652,2010.0,832.0,829,2,248,1,16080000,6656000,16,4,0,2,0,16383,16383,15616,61,0,0,0,0.0,1,Fuzzers
2220,21,6,1.0,1817,33,2511,35,24,24,24,0,0,0,31,32,106,52,52,106,2264.0,2753.0,436,7,793,9,10616000,12192000,79,0,0,0,0,20272,17376,46080,180,0,0,0,229.0,0,Benign
10536,44466,6,0.0,2542,40,20826,40,27,27,27,0,0,0,31,32,1376,52,52,1376,2542.0,20826.0,539,6,9993,12,20336000,166608000,66,0,0,0,14,23168,14480,6912,27,0,0,0,0.0,0,Benign
35819,143,6,4.0,7818,122,14922,126,27,27,27,0,0,0,31,32,1500,52,52,1500,7818.0,14922.0,2241,29,5793,31,62544000,119376000,222,18,4,2,2,50680,47784,49408,193,0,0,0,0.0,0,Benign
12571,21,6,1.0,9,1,193,3,24,24,16,0,0,0,31,32,89,52,52,89,456.0,435.0,0,0,0,0,3648000,3480000,15,0,0,0,0,0,7240,0,0,0,0,0,331.0,0,Benign
19785,5190,6,0.0,2054,22,2478,24,27,27,27,0,0,0,31,32,433,52,52,433,2054.0,2478.0,711,5,871,5,16432000,19824000,38,4,4,0,0,13032,13032,50944,199,0,0,0,0.0,0,Benign
32535,25,6,3.0,37446,52,3276,40,27,27,27,0,0,0,31,32,1500,52,52,1500,37446.0,3276.0,18251,17,958,7,299568000,26208000,64,2,2,0,24,15928,30408,19200,75,0,0,0,0.0,0,Benign
17636,143,6,4.0,7816,122,16064,126,27,27,27,0,0,0,31,32,1500,52,52,1500,7816.0,16064.0,2240,29,6364,31,62528000,128512000,222,16,6,2,2,50680,47784,49152,192,0,0,0,0.0,0,Benign
33319,21,6,1.0,2383,43,3234,45,24,24,24,0,0,0,31,32,106,52,52,106,2830.0,3476.0,563,9,1068,12,744000,880000,99,0,0,0,0,24616,20272,13056,51,0,0,0,221.0,0,Benign
5615,80,6,7.0,1580,12,10168,18,27,27,27,0,0,0,31,32,1500,52,52,1500,1580.0,10168.0,578,2,3320,3,12640000,81344000,18,0,6,0,6,8688,8688,16896,66,0,0,0,0.0,0,Benign
18548,4795,6,0.0,2958,48,32374,50,27,27,27,0,0,0,31,32,1352,52,52,1352,2958.0,32374.0,539,6,15767,17,23664000,258992000,74,0,2,0,22,30408,14480,6912,27,0,0,0,0.0,0,Benign
48527,53,17,0.0,130,2,162,2,0,0,0,0,0,0,31,31,81,65,65,81,130.0,162.0,0,0,0,0,1040000,1296000,4,0,0,0,0,0,0,0,0,6186,1,60,0.0,0,Benign
27223,60850,6,0.0,4014,68,61134,70,27,27,27,0,0,0,31,32,1352,52,52,1352,4014.0,61134.0,547,6,30147,27,32112000,489072000,94,0,0,0,44,44888,14480,8960,35,0,0,0,0.0,0,Benign
59916,80,6,7.0,994,10,9000,12,26,26,26,0,0,0,31,32,1500,52,52,1500,994.0,9000.0,285,1,4340,3,7952000,72000000,14,0,2,0,6,10136,8688,7424,29,0,0,0,0.0,0,Benign
61347,22,6,92.0,24448,232,29348,234,27,27,27,0,0,0,31,32,1284,52,52,1284,24448.0,29348.0,8944,53,12018,66,195584000,234784000,426,14,6,18,2,65160,65160,61440,240,0,0,0,0.0,0,Benign
2819,21,6,1.0,2487,45,3498,50,25,25,25,0,0,0,31,32,106,52,52,106,2934.0,3740.0,563,9,1125,13,13736000,16328000,106,0,0,0,0,26064,20272,13056,51,0,0,0,0.0,0,Benign
49162,32065,6,0.0,2438,38,19242,40,27,27,27,0,0,0,31,32,1352,52,52,1352,2438.0,19242.0,539,6,9201,12,19504000,153936000,64,0,0,2,12,23168,14480,6912,27,0,0,0,0.0,0,Benign
54412,21,6,1.0,1251,23,1752,25,24,24,24,0,0,0,31,32,106,52,52,106,1698.0,1994.0,309,5,517,6,8552000,9520000,59,0,0,0,0,15928,14480,13568,53,0,0,0,229.0,0,Benign
23114,21,6,1.0,2059,37,2814,39,24,24,24,0,0,0,31,32,106,52,52,106,2506.0,3056.0,505,8,886,10,11664000,13544000,87,0,0,0,0,21720,18824,63744,249,0,0,0,125.0,0,Benign
9575,45944,6,0.0,2766,44,25742,46,27,27,27,0,0,0,31,32,1352,52,52,1352,2766.0,25742.0,547,6,12451,15,22128000,205936000,70,0,0,4,16,27512,14480,8960,35,0,0,0,0.0,0,Benign
60579,22830,6,0.0,2334,36,16102,38,27,27,27,0,0,0,31,32,1352,52,52,1352,2334.0,16102.0,539,6,7631,11,18672000,128816000,62,0,2,0,10,21720,14480,6912,27,0,0,0,0.0,0,Benign
49783,21,6,1.0,1031,19,1472,21,24,24,24,0,0,0,31,32,106,52,52,106,1478.0,1714.0,251,4,436,5,7544000,8232000,51,0,0,0,0,14480,13032,64256,251,0,0,0,230.0,0,Benign
22217,65089,6,0.0,4808,28,3080,30,27,27,27,0,0,0,31,32,1036,52,52,1036,4808.0,3080.0,1984,6,1068,6,38464000,24640000,36,18,2,0,2,14480,14480,49152,192,0,0,0,0.0,0,Benign
42416,6153,17,0.0,536,4,304,4,0,0,0,0,0,0,31,32,152,52,52,152,536.0,304.0,0,0,0,0,4288000,2432000,6,2,0,0,0,0,0,0,0,0,0,0,0.0,0,Benign
41910,80,6,7.0,3042,48,333130,260,27,27,19,0,0,0,62,63,1500,40,40,1500,3042.0,333130.0,585,1,166397,126,24336000,2665040000,70,0,14,8,216,16383,16383,18688,73,0,0,0,0.0,1,Generic
2486,21,6,1.0,1251,23,1752,25,24,24,24,0,0,0,31,32,106,52,52,106,1698.0,1994.0,309,5,517,6,8552000,9520000,59,0,0,0,0,15928,14480,13568,53,0,0,0,229.0,0,Benign
42152,4004,6,0.0,2334,36,16920,38,27,27,27,0,0,0,31,32,1352,52,52,1352,2334.0,16920.0,539,6,8040,11,18672000,135360000,62,0,0,2,10,21720,14480,6912,27,0,0,0,0.0,0,Benign
14160,111,17,0.0,568,4,312,4,0,0,0,0,0,0,31,32,142,76,76,142,568.0,312.0,0,0,0,0,4544000,2496000,4,4,0,0,0,0,0,0,0,0,0,0,0.0,0,Benign
1202,135,6,0.0,576,10,256,6,19,19,19,0,0,0,254,255,112,40,40,112,576.0,256.0,112,1,0,0,4608000,2048000,16,0,0,0,0,16383,16383,28672,112,0,0,0,0.0,1,Fuzzers
38306,21,6,1.0,1817,33,2512,35,24,24,24,0,0,0,31,32,106,52,52,106,2264.0,2754.0,436,7,793,9,10616000,12192000,79,0,0,0,0,20272,17376,46080,180,0,0,0,229.0,0,Benign
18924,5190,6,0.0,1036,12,2366,14,27,27,27,0,0,0,31,32,829,52,52,829,1036.0,2366.0,358,3,971,3,8288000,18928000,22,2,0,2,0,10136,10136,26112,102,0,0,0,0.0,0,Benign
52492,111,17,0.0,568,4,312,4,0,0,0,0,0,0,31,32,142,76,76,142,568.0,312.0,0,0,0,0,4544000,2496000,4,4,0,0,0,0,0,0,0,0,0,0,0.0,0,Benign
54070,30395,6,0.0,2542,40,21730,40,27,27,27,0,0,0,31,32,1352,52,52,1352,2542.0,21730.0,539,6,10497,13,20336000,173840000,64,0,0,2,14,24616,14480,6912,27,0,0,0,0.0,0,Benign
22646,21,6,1.0,701,13,1160,16,24,24,24,4294951,16,16,31,32,106,52,52,106,1148.0,1402.0,190,3,372,4,504000,448000,40,0,0,0,0,11584,11584,48640,190,0,0,0,0.0,0,Benign
43232,2041,17,0.0,536,4,304,4,0,0,0,0,0,0,31,32,152,52,52,152,536.0,304.0,0,0,0,0,4288000,2432000,6,2,0,0,0,0,0,0,0,0,0,0,0.0,0,Benign
23313,21301,6,0.0,2974,48,33842,50,27,27,27,0,0,0,31,32,1352,52,52,1352,2974.0,33842.0,547,6,16501,17,23792000,270736000,74,0,0,0,24,30408,14480,8960,35,0,0,0,0.0,0,Benign
57291,19561,6,0.0,2854,46,30136,48,27,27,27,0,0,0,31,32,1352,52,52,1352,2854.0,30136.0,539,6,14648,16,22832000,241088000,70,2,0,2,20,28960,14480,6912,27,0,0,0,0.0,0,Benign
46295,21,6,1.0,1493,27,2056,29,24,24,24,0,0,0,31,32,106,52,52,106,2161724.0,1122186.0,378,6,611,7,6696000,8312000,67,0,0,0,0,17376,15928,31232,122,0,0,0,125.0,0,Benign
41646,21,6,1.0,1493,27,2054,29,24,24,24,0,0,0,31,32,106,52,52,106,1940.0,2296.0,378,6,610,7,9544000,10776000,67,0,0,0,0,17376,15928,31232,122,0,0,0,125.0,0,Benign
33059,28496,17,0.0,520,4,304,4,0,0,0,0,0,0,31,32,144,52,52,144,520.0,304.0,0,0,0,0,4160000,2432000,6,2,0,0,0,0,0,0,0,0,0,0,0.0,0,Benign
61709,20181,17,0.0,544,4,304,4,0,0,0,0,0,0,31,32,156,52,52,156,544.0,304.0,0,0,0,0,4352000,2432000,6,2,0,0,0,0,0,0,0,0,0,0,0.0,0,Benign
27923,26008,6,0.0,2854,46,30856,48,27,27,27,0,0,0,31,32,1352,52,52,1352,2854.0,30856.0,539,6,15008,16,22832000,246848000,72,0,0,2,20,28960,14480,6912,27,0,0,0,0.0,0,Benign
10281,80,6,7.0,1684,14,10168,18,27,27,27,0,0,0,31,32,1500,52,52,1500,1684.0,10168.0,578,2,4820,4,13472000,81344000,20,0,6,0,6,11584,8688,16896,66,0,0,0,0.0,0,Benign
62673,8725,6,0.0,4238,72,65596,74,27,27,27,0,0,0,31,32,1352,52,52,1352,4238.0,65596.0,555,6,32378,29,33904000,524768000,98,0,0,0,48,47784,14480,11008,43,0,0,0,0.0,0,Benign
48809,2891,6,0.0,5486,96,92132,98,27,27,27,0,0,0,31,32,1352,52,52,1352,5486.0,92132.0,555,6,45646,41,43888000,737056000,122,6,0,0,66,65160,14480,11008,43,0,0,0,0.0,0,Benign
52079,21,6,1.0,2487,45,3498,50,25,25,25,0,0,0,31,32,106,52,52,106,2934.0,3740.0,563,9,1125,13,13736000,16336000,106,0,0,0,0,26064,20272,13056,51,0,0,0,0.0,0,Benign
36950,53,17,0.0,146,2,178,2,0,0,0,0,0,0,31,31,89,73,73,89,146.0,178.0,0,0,0,0,1168000,1424000,4,0,0,0,0,0,0,0,0,13811,1,60,0.0,0,Benign
45766,42665,17,0.0,536,4,304,4,0,0,0,0,0,0,31,32,152,52,52,152,536.0,304.0,0,0,0,0,4288000,2432000,6,2,0,0,0,0,0,0,0,0,0,0,0.0,0,Benign
27487,55329,6,0.0,2230,34,15258,36,27,27,27,0,0,0,31,32,1352,52,52,1352,2230.0,15258.0,539,6,7209,10,17840000,122064000,60,0,0,0,10,20272,14480,6912,27,0,0,0,0.0,0,Benign
25729,61556,6,0.0,2766,44,24004,46,27,27,27,0,0,0,31,32,1352,52,52,1352,2766.0,24004.0,547,6,11582,15,22128000,192032000,70,4,0,0,16,27512,14480,8960,35,0,0,0,0.0,0,Benign
37538,25,6,3.0,37524,52,3380,42,27,27,27,0,0,0,31,32,1500,52,52,1500,37524.0,3380.0,18290,17,958,7,300192000,27040000,66,2,2,0,24,15928,30408,29184,114,0,0,0,0.0,0,Benign
13583,21,6,1.0,2059,37,2816,39,24,24,24,0,0,0,31,32,106,52,52,106,2506.0,3058.0,505,8,887,10,11664000,13552000,87,0,0,0,0,21720,18824,63744,249,0,0,0,125.0,0,Benign
29138,21,6,1.0,2059,37,2814,39,24,24,24,4294952,15,15,31,32,106,52,52,106,2506.0,3056.0,505,8,886,10,1520000,1768000,87,0,0,0,0,21720,18824,63744,249,0,0,0,125.0,0,Benign
45581,21,6,1.0,261,5,469,7,24,24,24,0,0,0,31,32,89,52,52,89,708.0,711.0,74,1,89,1,4656000,4584000,23,0,0,0,0,8688,8688,18944,74,0,0,0,230.0,0,Benign
24274,1512,6,0.0,8928,14,320,6,27,27,19,0,0,0,31,32,1500,52,52,1500,8928.0,320.0,4252,3,0,0,71424000,2560000,14,0,0,0,6,5792,10136,39936,156,0,0,0,0.0,0,Benign
29499,53,17,0.0,146,2,178,2,0,0,0,0,0,0,31,31,89,73,73,89,146.0,178.0,0,0,0,0,1168000,1424000,4,0,0,0,0,0,0,0,0,54942,1,60,0.0,0,Benign
23761,53,17,0.0,146,2,178,2,0,0,0,0,0,0,31,31,89,73,73,89,146.0,178.0,0,0,0,0,1168000,1424000,4,0,0,0,0,0,0,0,0,63860,1,60,0.0,0,Benign
24821,21,6,1.0,1493,27,2056,29,24,24,24,0,0,0,31,32,106,52,52,106,1940.0,2298.0,378,6,611,7,9544000,10784000,67,0,0,0,0,17376,15928,31232,122,0,0,0,125.0,0,Benign
43141,21,6,1.0,2487,45,3500,50,25,25,25,0,0,0,31,32,106,52,52,106,2934.0,3742.0,563,9,1126,13,13736000,16336000,106,0,0,0,0,26064,20272,13056,51,0,0,0,0.0,0,Benign
63178,6881,6,0.0,9194,156,359002,292,27,27,27,0,0,0,31,32,1500,52,52,1500,9194.0,359002.0,1265,14,178613,129,73552000,2872016000,192,0,6,20,230,65160,26064,61696,241,0,0,0,0.0,0,Benign
19127,43335,6,0.0,4550,78,72138,78,27,27,27,0,0,0,31,32,1352,52,52,1352,4550.0,72138.0,555,6,35701,32,36400000,577104000,102,0,0,6,48,52128,14480,11008,43,0,0,0,0.0,0,Benign
2895,53187,6,0.0,2438,38,19422,40,27,27,27,0,0,0,31,32,1352,52,52,1352,2438.0,19422.0,539,6,9291,12,19504000,155376000,64,0,0,2,12,23168,14480,6912,27,0,0,0,0.0,0,Benign
10310,7222,17,0.0,520,4,304,4,0,0,0,0,0,0,31,32,144,52,52,144,520.0,304.0,0,0,0,0,4160000,2432000,6,2,0,0,0,0,0,0,0,0,0,0,0.0,0,Benign
32726,50267,17,0.0,528,4,304,4,0,0,0,0,0,0,31,32,148,52,52,148,528.0,304.0,0,0,0,0,4224000,2432000,6,2,0,0,0,0,0,0,0,0,0,0,0.0,0,Benign
30973,26963,6,0.0,2766,44,26496,46,27,27,27,0,0,0,31,32,1352,52,52,1352,2766.0,26496.0,547,6,12828,15,22128000,211968000,70,0,0,4,16,27512,14480,8960,35,0,0,0,0.0,0,Benign
27612,26272,6,0.0,3656,18,2456,18,27,27,27,0,0,0,31,32,720,52,52,720,3656.0,2456.0,1668,6,1068,6,29248000,19648000,14,18,2,2,0,14480,14480,33792,132,0,0,0,0.0,0,Benign
17809,53,17,0.0,130,2,162,2,0,0,0,0,0,0,31,31,81,65,65,81,130.0,162.0,0,0,0,0,1040000,1296000,4,0,0,0,0,0,0,0,0,57396,1,60,0.0,0,Benign
32408,12409,6,0.0,8928,14,320,6,27,27,19,0,0,0,31,32,1500,52,52,1500,8928.0,320.0,4252,3,0,0,71424000,2560000,14,0,0,0,6,5792,10136,39936,156,0,0,0,0.0,0,Benign
47529,21,6,1.0,9,1,193,3,24,24,16,0,0,0,31,32,89,52,52,89,456.0,435.0,0,0,0,0,3648000,3480000,15,0,0,0,0,0,7240,0,0,0,0,0,331.0,0,Benign
54972,25353,6,0.0,2558,40,23148,42,27,27,27,0,0,0,31,32,1352,52,52,1352,2558.0,23148.0,547,6,11154,13,20464000,185184000,66,0,0,0,16,24616,14480,8960,35,0,0,0,0.0,0,Benign
40242,21,6,1.0,481,9,750,11,24,24,24,0,0,0,31,32,94,52,52,94,928.0,992.0,132,2,172,2,5576000,5696000,31,0,0,0,0,10136,10136,33792,132,0,0,0,229.0,0,Benign
29030,62450,6,0.0,3182,52,36578,54,27,27,27,0,0,0,31,32,1352,52,52,1352,3182.0,36578.0,547,6,17869,19,25456000,292624000,76,2,0,4,24,33304,14480,8960,35,0,0,0,0.0,0,Benign
63156,111,17,0.0,568,4,320,4,0,0,0,0,0,0,31,32,142,80,80,142,568.0,320.0,0,0,0,0,4544000,2560000,4,4,0,0,0,0,0,0,0,0,0,0,0.0,0,Benign
28815,21,6,1.0,2059,37,2814,39,24,24,24,0,0,0,31,32,106,52,52,106,2506.0,3056.0,505,8,886,10,11664000,13552000,87,0,0,0,0,21720,18824,63744,249,0,0,0,125.0,0,Benign
13319,143,6,4.0,7804,122,15566,126,27,27,27,0,0,0,31,32,1500,52,52,1500,7804.0,15566.0,2234,29,6115,31,62432000,124528000,222,16,6,2,2,50680,47784,47616,186,0,0,0,0.0,0,Benign
1559,80,6,7.0,1580,12,10168,18,27,27,27,4294951,16,16,31,32,1500,52,52,1500,1580.0,10168.0,578,2,4820,4,736000,4784000,18,0,6,0,6,11584,8688,16896,66,0,0,0,0.0,0,Benign
36141,20714,6,0.0,2870,46,28244,44,27,27,27,0,0,0,31,32,1352,52,52,1352,2870.0,28244.0,547,6,13754,15,22960000,225952000,70,0,0,0,20,27512,14480,8960,35,0,0,0,0.0,0,Benign
55255,21887,17,0.0,544,4,304,4,0,0,0,0,0,0,31,32,156,52,52,156,544.0,304.0,0,0,0,0,4352000,2432000,6,2,0,0,0,0,0,0,0,0,0,0,0.0,0,Benign
9650,21,6,1.0,1251,23,1752,25,24,24,24,0,0,0,31,32,106,52,52,106,1698.0,1994.0,309,5,517,6,8552000,9520000,59,0,0,0,0,15928,14480,13568,53,0,0,0,229.0,0,Benign
20056,5190,6,0.0,2054,22,2478,24,27,27,27,0,0,0,31,32,433,52,52,433,2054.0,2478.0,711,5,871,5,16432000,19824000,38,4,4,0,0,13032,13032,50944,199,0,0,0,0.0,0,Benign
58848,21,6,1.0,1493,27,2054,29,24,24,24,0,0,0,31,32,106,52,52,106,1940.0,2296.0,378,6,610,7,9544000,10784000,67,0,0,0,0,17376,15928,31232,122,0,0,0,125.0,0,Benign
12856,21,6,1.0,1817,33,2300,33,24,24,24,4294951,16,16,31,32,106,52,52,106,2264.0,2542.0,436,7,687,8,1184000,1328000,77,0,0,0,0,20272,17376,46080,180,0,0,0,229.0,0,Benign
29553,111,17,0.0,568,4,304,4,0,0,0,0,0,0,31,32,142,76,76,142,568.0,304.0,0,0,0,0,4544000,2432000,4,4,0,0,0,0,0,0,0,0,0,0,0.0,0,Benign
